strain	strain_name	virus	date	country	source	sequence_locus	subtype	type
MH685718	E0_034	2013-XX-XX	Human	Uganda	Betacoronavirus_1	oc43	beta	full
KF572819	039A_07	2007-04-XX	Human	China	Betacoronavirus_1	oc43	beta	full
KF572873	075A_07	2007-06-XX	Human	China	Betacoronavirus_1	oc43	beta	full
KF572627	079A_07	2007-06-XX	Human	China	Betacoronavirus_1	oc43	beta	full
KF572708	079A_07	2007-06-XX	Human	China	Betacoronavirus_1	oc43	beta	full
KF572820	079A_07	2007-06-XX	Human	China	Betacoronavirus_1	oc43	beta	full
KF572874	079A_07	2007-06-XX	Human	China	Betacoronavirus_1	oc43	beta	full
KF923918	10108/2010	2010-05-XX	Human	China	Betacoronavirus_1	oc43	beta	full
KF572628	10108_10	2010-05-XX	Human	China	Betacoronavirus_1	oc43	beta	full
KF572709	10108_10	2010-05-XX	Human	China	Betacoronavirus_1	oc43	beta	full
KF572821	10108_10	2010-05-XX	Human	China	Betacoronavirus_1	oc43	beta	full
KF572875	10108_10	2010-05-XX	Human	China	Betacoronavirus_1	oc43	beta	full
KF572710	10241_10	2010-06-XX	Human	China	Betacoronavirus_1	oc43	beta	full
KF923895	10285/2010	2010-07-XX	Human	China	Betacoronavirus_1	oc43	beta	full
KF572629	10285_10	2010-07-XX	Human	China	Betacoronavirus_1	oc43	beta	full
KF572711	10285_10	2010-07-XX	Human	China	Betacoronavirus_1	oc43	beta	full
KF572822	10285_10	2010-07-XX	Human	China	Betacoronavirus_1	oc43	beta	full
KF572876	10285_10	2010-07-XX	Human	China	Betacoronavirus_1	oc43	beta	full
KF923924	10290/2010	2010-07-XX	Human	China	Betacoronavirus_1	oc43	beta	full
KF572707	10290_10	2010-07-XX	Human	China	Betacoronavirus_1	oc43	beta	full
KF572712	10290_10	2010-07-XX	Human	China	Betacoronavirus_1	oc43	beta	full
KF572823	10290_10	2010-07-XX	Human	China	Betacoronavirus_1	oc43	beta	full
KF572877	10290_10	2010-07-XX	Human	China	Betacoronavirus_1	oc43	beta	full
KF572630	1029A_08	2008-11-XX	Human	China	Betacoronavirus_1	oc43	beta	full
KF572713	1029A_08	2008-11-XX	Human	China	Betacoronavirus_1	oc43	beta	full
KF572878	1029A_08	2008-11-XX	Human	China	Betacoronavirus_1	oc43	beta	full
KF572631	1034A_08	2008-11-XX	Human	China	Betacoronavirus_1	oc43	beta	full
KF572714	1034A_08	2008-11-XX	Human	China	Betacoronavirus_1	oc43	beta	full
KF572824	1034A_08	2008-11-XX	Human	China	Betacoronavirus_1	oc43	beta	full
KF572879	1034A_08	2008-11-XX	Human	China	Betacoronavirus_1	oc43	beta	full
KF572632	10352_10	2010-07-XX	Human	China	Betacoronavirus_1	oc43	beta	full
KF572715	10352_10	2010-07-XX	Human	China	Betacoronavirus_1	oc43	beta	full
KF923925	10574/2010	2010-09-XX	Human	China	Betacoronavirus_1	oc43	beta	full
KF572633	10574_10	2010-09-XX	Human	China	Betacoronavirus_1	oc43	beta	full
KF572716	10574_10	2010-09-XX	Human	China	Betacoronavirus_1	oc43	beta	full
KF572825	10574_10	2010-09-XX	Human	China	Betacoronavirus_1	oc43	beta	full
KF572880	10574_10	2010-09-XX	Human	China	Betacoronavirus_1	oc43	beta	full
KF572634	1081A_08	2008-11-XX	Human	China	Betacoronavirus_1	oc43	beta	full
KF572717	1081A_08	2008-11-XX	Human	China	Betacoronavirus_1	oc43	beta	full
KF572826	1081A_08	2008-11-XX	Human	China	Betacoronavirus_1	oc43	beta	full
KF572881	1081A_08	2008-11-XX	Human	China	Betacoronavirus_1	oc43	beta	full
KF572718	1135A_08	2008-12-XX	Human	China	Betacoronavirus_1	oc43	beta	full
KF572827	1135A_08	2008-12-XX	Human	China	Betacoronavirus_1	oc43	beta	full
KF572882	1135A_08	2008-12-XX	Human	China	Betacoronavirus_1	oc43	beta	full
KF572635	1155A_08	2008-12-XX	Human	China	Betacoronavirus_1	oc43	beta	full
KF572719	1155A_08	2008-12-XX	Human	China	Betacoronavirus_1	oc43	beta	full
KF572883	1155A_08	2008-12-XX	Human	China	Betacoronavirus_1	oc43	beta	full
KF572636	1157A_08	2008-12-XX	Human	China	Betacoronavirus_1	oc43	beta	full
KF572720	1157A_08	2008-12-XX	Human	China	Betacoronavirus_1	oc43	beta	full
KF572828	1157A_08	2008-12-XX	Human	China	Betacoronavirus_1	oc43	beta	full
KF572884	1157A_08	2008-12-XX	Human	China	Betacoronavirus_1	oc43	beta	full
KF572721	11914_11	2011-09-XX	Human	China	Betacoronavirus_1	oc43	beta	full
KF572722	11930_11	2011-09-XX	Human	China	Betacoronavirus_1	oc43	beta	full
KF572829	11930_11	2011-09-XX	Human	China	Betacoronavirus_1	oc43	beta	full
KF572637	1216A_08	2008-12-XX	Human	China	Betacoronavirus_1	oc43	beta	full
KF572723	1216A_08	2008-12-XX	Human	China	Betacoronavirus_1	oc43	beta	full
KF572830	1216A_08	2008-12-XX	Human	China	Betacoronavirus_1	oc43	beta	full
KF572885	1216A_08	2008-12-XX	Human	China	Betacoronavirus_1	oc43	beta	full
KF572638	12642_12	2012-05-XX	Human	China	Betacoronavirus_1	oc43	beta	full
KF572639	12651_12	2012-05-XX	Human	China	Betacoronavirus_1	oc43	beta	full
KF572724	12651_12	2012-05-XX	Human	China	Betacoronavirus_1	oc43	beta	full
KF923902	12689/2012	2012-05-XX	Human	China	Betacoronavirus_1	oc43	beta	full
KF572640	12689_12	2012-05-XX	Human	China	Betacoronavirus_1	oc43	beta	full
KF572725	12689_12	2012-05-XX	Human	China	Betacoronavirus_1	oc43	beta	full
KF572831	12689_12	2012-05-XX	Human	China	Betacoronavirus_1	oc43	beta	full
KF572886	12689_12	2012-05-XX	Human	China	Betacoronavirus_1	oc43	beta	full
KF923903	12691/2012	2012-05-XX	Human	China	Betacoronavirus_1	oc43	beta	full
KF572641	12691_12	2012-05-XX	Human	China	Betacoronavirus_1	oc43	beta	full
KF572726	12691_12	2012-05-XX	Human	China	Betacoronavirus_1	oc43	beta	full
KF572832	12691_12	2012-05-XX	Human	China	Betacoronavirus_1	oc43	beta	full
KF572887	12691_12	2012-05-XX	Human	China	Betacoronavirus_1	oc43	beta	full
KF923904	12694/2012	2012-05-XX	Human	China	Betacoronavirus_1	oc43	beta	full
KF572642	12694_12	2012-05-XX	Human	China	Betacoronavirus_1	oc43	beta	full
KF572727	12694_12	2012-05-XX	Human	China	Betacoronavirus_1	oc43	beta	full
KF572833	12694_12	2012-05-XX	Human	China	Betacoronavirus_1	oc43	beta	full
KF572888	12694_12	2012-05-XX	Human	China	Betacoronavirus_1	oc43	beta	full
KF572643	12700_12	2012-06-XX	Human	China	Betacoronavirus_1	oc43	beta	full
KF572728	12700_12	2012-06-XX	Human	China	Betacoronavirus_1	oc43	beta	full
KF572644	12741_12	2012-06-XX	Human	China	Betacoronavirus_1	oc43	beta	full
KF572729	12741_12	2012-06-XX	Human	China	Betacoronavirus_1	oc43	beta	full
KF572645	12747_12	2012-06-XX	Human	China	Betacoronavirus_1	oc43	beta	full
KF572730	12747_12	2012-06-XX	Human	China	Betacoronavirus_1	oc43	beta	full
KF572889	12747_12	2012-06-XX	Human	China	Betacoronavirus_1	oc43	beta	full
KF572646	12760_12	2012-06-XX	Human	China	Betacoronavirus_1	oc43	beta	full
KF572731	12760_12	2012-06-XX	Human	China	Betacoronavirus_1	oc43	beta	full
KF572890	12760_12	2012-06-XX	Human	China	Betacoronavirus_1	oc43	beta	full
KR055576	12MYKL0002	2012-XX-XX	Human	Malaysia	Betacoronavirus_1	oc43	beta	full
KR055599	12MYKL0002	2012-XX-XX	Human	Malaysia	Betacoronavirus_1	oc43	beta	full
KR055577	12MYKL0043	2012-XX-XX	Human	Malaysia	Betacoronavirus_1	oc43	beta	full
KR055600	12MYKL0043	2012-XX-XX	Human	Malaysia	Betacoronavirus_1	oc43	beta	full
KR055578	12MYKL0208	2012-XX-XX	Human	Malaysia	Betacoronavirus_1	oc43	beta	full
KR055601	12MYKL0208	2012-XX-XX	Human	Malaysia	Betacoronavirus_1	oc43	beta	full
KR055579	12MYKL0236	2012-XX-XX	Human	Malaysia	Betacoronavirus_1	oc43	beta	full
KR055602	12MYKL0236	2012-XX-XX	Human	Malaysia	Betacoronavirus_1	oc43	beta	full
KR055580	12MYKL0413	2012-XX-XX	Human	Malaysia	Betacoronavirus_1	oc43	beta	full
KR055603	12MYKL0413	2012-XX-XX	Human	Malaysia	Betacoronavirus_1	oc43	beta	full
KR055581	12MYKL0464	2012-XX-XX	Human	Malaysia	Betacoronavirus_1	oc43	beta	full
KR055604	12MYKL0464	2012-XX-XX	Human	Malaysia	Betacoronavirus_1	oc43	beta	full
KR055582	12MYKL0523	2012-XX-XX	Human	Malaysia	Betacoronavirus_1	oc43	beta	full
KR055605	12MYKL0523	2012-XX-XX	Human	Malaysia	Betacoronavirus_1	oc43	beta	full
KR055583	12MYKL0710	2012-XX-XX	Human	Malaysia	Betacoronavirus_1	oc43	beta	full
KR055606	12MYKL0710	2012-XX-XX	Human	Malaysia	Betacoronavirus_1	oc43	beta	full
KR055584	12MYKL0732	2012-XX-XX	Human	Malaysia	Betacoronavirus_1	oc43	beta	full
KR055608	12MYKL0732	2012-XX-XX	Human	Malaysia	Betacoronavirus_1	oc43	beta	full
KR055585	12MYKL0760	2012-XX-XX	Human	Malaysia	Betacoronavirus_1	oc43	beta	full
KR055609	12MYKL0760	2012-XX-XX	Human	Malaysia	Betacoronavirus_1	oc43	beta	full
KR055586	12MYKL0774	2012-XX-XX	Human	Malaysia	Betacoronavirus_1	oc43	beta	full
KR055607	12MYKL0774	2012-XX-XX	Human	Malaysia	Betacoronavirus_1	oc43	beta	full
KR055587	12MYKL0781	2012-XX-XX	Human	Malaysia	Betacoronavirus_1	oc43	beta	full
KR055610	12MYKL0781	2012-XX-XX	Human	Malaysia	Betacoronavirus_1	oc43	beta	full
KR055588	12MYKL0868	2012-XX-XX	Human	Malaysia	Betacoronavirus_1	oc43	beta	full
KR055611	12MYKL0868	2012-XX-XX	Human	Malaysia	Betacoronavirus_1	oc43	beta	full
KR055589	12MYKL0945	2012-XX-XX	Human	Malaysia	Betacoronavirus_1	oc43	beta	full
KR055612	12MYKL0945	2012-XX-XX	Human	Malaysia	Betacoronavirus_1	oc43	beta	full
KR055590	12MYKL1024	2012-XX-XX	Human	Malaysia	Betacoronavirus_1	oc43	beta	full
KR055613	12MYKL1024	2012-XX-XX	Human	Malaysia	Betacoronavirus_1	oc43	beta	full
KR055591	12MYKL1057	2012-XX-XX	Human	Malaysia	Betacoronavirus_1	oc43	beta	full
KR055615	12MYKL1057	2012-XX-XX	Human	Malaysia	Betacoronavirus_1	oc43	beta	full
KR055592	12MYKL1130	2012-XX-XX	Human	Malaysia	Betacoronavirus_1	oc43	beta	full
KR055614	12MYKL1130	2012-XX-XX	Human	Malaysia	Betacoronavirus_1	oc43	beta	full
KR055593	12MYKL1140	2012-XX-XX	Human	Malaysia	Betacoronavirus_1	oc43	beta	full
KR055616	12MYKL1140	2012-XX-XX	Human	Malaysia	Betacoronavirus_1	oc43	beta	full
KR055594	12MYKL1381	2012-XX-XX	Human	Malaysia	Betacoronavirus_1	oc43	beta	full
KR055617	12MYKL1381	2012-XX-XX	Human	Malaysia	Betacoronavirus_1	oc43	beta	full
KR055595	12MYKL1484	2012-XX-XX	Human	Malaysia	Betacoronavirus_1	oc43	beta	full
KR055618	12MYKL1484	2012-XX-XX	Human	Malaysia	Betacoronavirus_1	oc43	beta	full
KR055619	12MYKL1612	2012-XX-XX	Human	Malaysia	Betacoronavirus_1	oc43	beta	full
KF572732	1357A_09	2009-02-XX	Human	China	Betacoronavirus_1	oc43	beta	full
KF572834	1357A_09	2009-02-XX	Human	China	Betacoronavirus_1	oc43	beta	full
KF572891	1357A_09	2009-02-XX	Human	China	Betacoronavirus_1	oc43	beta	full
KF572647	1375A_09	2009-02-XX	Human	China	Betacoronavirus_1	oc43	beta	full
KF572648	1382A_09	2009-02-XX	Human	China	Betacoronavirus_1	oc43	beta	full
KF572733	1382A_09	2009-02-XX	Human	China	Betacoronavirus_1	oc43	beta	full
KF572835	1382A_09	2009-02-XX	Human	China	Betacoronavirus_1	oc43	beta	full
KF572892	1382A_09	2009-02-XX	Human	China	Betacoronavirus_1	oc43	beta	full
KU745533	13963/2014	2014-04-XX	Human	China	Betacoronavirus_1	oc43	beta	full
KU745549	13963/2014	2014-04-XX	Human	China	Betacoronavirus_1	oc43	beta	full
KU745565	13963/2014	2014-04-XX	Human	China	Betacoronavirus_1	oc43	beta	full
KU745534	13969/2014	2014-04-XX	Human	China	Betacoronavirus_1	oc43	beta	full
KU745550	13969/2014	2014-04-XX	Human	China	Betacoronavirus_1	oc43	beta	full
KU745566	13969/2014	2014-04-XX	Human	China	Betacoronavirus_1	oc43	beta	full
KR055597	13MYKL1758	2013-XX-XX	Human	Malaysia	Betacoronavirus_1	oc43	beta	full
KR055620	13MYKL1758	2013-XX-XX	Human	Malaysia	Betacoronavirus_1	oc43	beta	full
KR055598	13MYKL1975	2013-XX-XX	Human	Malaysia	Betacoronavirus_1	oc43	beta	full
KR055621	13MYKL1975	2013-XX-XX	Human	Malaysia	Betacoronavirus_1	oc43	beta	full
KU745535	14007/2014	2014-05-XX	Human	China	Betacoronavirus_1	oc43	beta	full
KU745551	14007/2014	2014-05-XX	Human	China	Betacoronavirus_1	oc43	beta	full
KU745567	14007/2014	2014-05-XX	Human	China	Betacoronavirus_1	oc43	beta	full
KU745536	14012/2014	2014-05-XX	Human	China	Betacoronavirus_1	oc43	beta	full
KU745552	14012/2014	2014-05-XX	Human	China	Betacoronavirus_1	oc43	beta	full
KU745568	14012/2014	2014-05-XX	Human	China	Betacoronavirus_1	oc43	beta	full
KF572649	1489A_09	2009-04-XX	Human	China	Betacoronavirus_1	oc43	beta	full
KF572734	1489A_09	2009-04-XX	Human	China	Betacoronavirus_1	oc43	beta	full
KF572815	1489A_09	2009-04-XX	Human	China	Betacoronavirus_1	oc43	beta	full
KF572893	1537A_08	2009-06-XX	Human	China	Betacoronavirus_1	oc43	beta	full
KF572650	1537A_09	2009-06-XX	Human	China	Betacoronavirus_1	oc43	beta	full
KF572735	1537A_09	2009-06-XX	Human	China	Betacoronavirus_1	oc43	beta	full
KF572651	1591A_09	2009-08-XX	Human	China	Betacoronavirus_1	oc43	beta	full
KF572736	1591A_09	2009-08-XX	Human	China	Betacoronavirus_1	oc43	beta	full
KF572836	1591A_09	2009-08-XX	Human	China	Betacoronavirus_1	oc43	beta	full
KF572894	1591A_09	2009-08-XX	Human	China	Betacoronavirus_1	oc43	beta	full
KF572652	1593A_09	2009-08-XX	Human	China	Betacoronavirus_1	oc43	beta	full
KF572737	1593A_09	2009-08-XX	Human	China	Betacoronavirus_1	oc43	beta	full
KF572837	1593A_09	2009-08-XX	Human	China	Betacoronavirus_1	oc43	beta	full
KF572895	1593A_09	2009-08-XX	Human	China	Betacoronavirus_1	oc43	beta	full
KF572653	1702_06	2006-03-XX	Human	China	Betacoronavirus_1	oc43	beta	full
KF572738	1702_06	2006-03-XX	Human	China	Betacoronavirus_1	oc43	beta	full
KF572896	1702_06	2006-03-XX	Human	China	Betacoronavirus_1	oc43	beta	full
KP198611	1783A/10	2010-01-XX	Human	China	Betacoronavirus_1	oc43	beta	full
KF572654	1783A_10	2010-01-XX	Human	China	Betacoronavirus_1	oc43	beta	full
KF572739	1783A_10	2010-01-XX	Human	China	Betacoronavirus_1	oc43	beta	full
KF572804	1783A_10	2010-01-XX	Human	China	Betacoronavirus_1	oc43	beta	full
KF572897	1783A_10	2010-01-XX	Human	China	Betacoronavirus_1	oc43	beta	full
KF923886	1908A/2010	2010-03-XX	Human	China	Betacoronavirus_1	oc43	beta	full
KF572655	1908A_10	2010-03-XX	Human	China	Betacoronavirus_1	oc43	beta	full
KF572740	1908A_10	2010-03-XX	Human	China	Betacoronavirus_1	oc43	beta	full
KF572805	1908A_10	2010-03-XX	Human	China	Betacoronavirus_1	oc43	beta	full
KF572898	1908A_10	2010-03-XX	Human	China	Betacoronavirus_1	oc43	beta	full
KF572656	1919A_10	2010-03-XX	Human	China	Betacoronavirus_1	oc43	beta	full
KF572741	1919A_10	2010-03-XX	Human	China	Betacoronavirus_1	oc43	beta	full
KF572806	1919A_10	2010-03-XX	Human	China	Betacoronavirus_1	oc43	beta	full
KF572899	1919A_10	2010-03-XX	Human	China	Betacoronavirus_1	oc43	beta	full
KF923889	1926/2006	2006-03-XX	Human	China	Betacoronavirus_1	oc43	beta	full
KF572657	1926_06	2006-03-XX	Human	China	Betacoronavirus_1	oc43	beta	full
KF572742	1926_06	2006-03-XX	Human	China	Betacoronavirus_1	oc43	beta	full
KF572807	1926_06	2006-03-XX	Human	China	Betacoronavirus_1	oc43	beta	full
KF572900	1926_06	2006-03-XX	Human	China	Betacoronavirus_1	oc43	beta	full
KF572743	1996A_10	2010-04-XX	Human	China	Betacoronavirus_1	oc43	beta	full
KF923887	1997A/2010	2010-04-XX	Human	China	Betacoronavirus_1	oc43	beta	full
KF572658	1997A_10	2010-04-XX	Human	China	Betacoronavirus_1	oc43	beta	full
KF572744	1997A_10	2010-04-XX	Human	China	Betacoronavirus_1	oc43	beta	full
KF572808	1997A_10	2010-04-XX	Human	China	Betacoronavirus_1	oc43	beta	full
KF572901	1997A_10	2010-04-XX	Human	China	Betacoronavirus_1	oc43	beta	full
KY014281	2002_04	2002-XX-XX	Human	France	Betacoronavirus_1	oc43	beta	full
KY014282	2007_09	2007-XX-XX	Human	France	Betacoronavirus_1	oc43	beta	full
KP198610	2058A/10	2010-06-XX	Human	China	Betacoronavirus_1	oc43	beta	full
KF572659	2058A_10	2010-06-XX	Human	China	Betacoronavirus_1	oc43	beta	full
KF572745	2058A_10	2010-06-XX	Human	China	Betacoronavirus_1	oc43	beta	full
KF572809	2058A_10	2010-06-XX	Human	China	Betacoronavirus_1	oc43	beta	full
KF572902	2058A_10	2010-06-XX	Human	China	Betacoronavirus_1	oc43	beta	full
KF572660	2134A_10	2010-07-XX	Human	China	Betacoronavirus_1	oc43	beta	full
KF572749	2134A_10	2010-07-XX	Human	China	Betacoronavirus_1	oc43	beta	full
KF572838	2134A_10	2010-07-XX	Human	China	Betacoronavirus_1	oc43	beta	full
KF572903	2134A_10	2010-07-XX	Human	China	Betacoronavirus_1	oc43	beta	full
KF923888	2145A/2010	2010-07-XX	Human	China	Betacoronavirus_1	oc43	beta	full
KF572661	2145A_10	2010-07-XX	Human	China	Betacoronavirus_1	oc43	beta	full
KF572750	2145A_10	2010-07-XX	Human	China	Betacoronavirus_1	oc43	beta	full
KF572810	2145A_10	2010-07-XX	Human	China	Betacoronavirus_1	oc43	beta	full
KF572904	2145A_10	2010-07-XX	Human	China	Betacoronavirus_1	oc43	beta	full
KF923893	2151A/2010	2010-07-XX	Human	China	Betacoronavirus_1	oc43	beta	full
KF572662	2151A_10	2010-07-XX	Human	China	Betacoronavirus_1	oc43	beta	full
KF572751	2151A_10	2010-07-XX	Human	China	Betacoronavirus_1	oc43	beta	full
KF572839	2151A_10	2010-07-XX	Human	China	Betacoronavirus_1	oc43	beta	full
KF572905	2151A_10	2010-07-XX	Human	China	Betacoronavirus_1	oc43	beta	full
KF572663	2171A_10	2010-08-XX	Human	China	Betacoronavirus_1	oc43	beta	full
KF572752	2171A_10	2010-08-XX	Human	China	Betacoronavirus_1	oc43	beta	full
KF923905	229/2005	2005-06-XX	Human	China	Betacoronavirus_1	oc43	beta	full
KF572664	229_05	2005-06-XX	Human	China	Betacoronavirus_1	oc43	beta	full
KF572753	229_05	2005-06-XX	Human	China	Betacoronavirus_1	oc43	beta	full
KF572816	229_05	2005-06-XX	Human	China	Betacoronavirus_1	oc43	beta	full
KF572665	2941A_11	2011-12-XX	Human	China	Betacoronavirus_1	oc43	beta	full
KF572747	2941A_11	2011-12-XX	Human	China	Betacoronavirus_1	oc43	beta	full
KF572811	2941A_11	2011-12-XX	Human	China	Betacoronavirus_1	oc43	beta	full
KF572906	2941A_11	2011-12-XX	Human	China	Betacoronavirus_1	oc43	beta	full
KF572907	299_05	2005-06-XX	Human	China	Betacoronavirus_1	oc43	beta	full
KF923896	3074A/2012	2012-02-XX	Human	China	Betacoronavirus_1	oc43	beta	full
KF572666	3074A_12	2012-02-XX	Human	China	Betacoronavirus_1	oc43	beta	full
KF572746	3074A_12	2012-02-XX	Human	China	Betacoronavirus_1	oc43	beta	full
KF572812	3074A_12	2012-02-XX	Human	China	Betacoronavirus_1	oc43	beta	full
KF572908	3074A_12	2012-02-XX	Human	China	Betacoronavirus_1	oc43	beta	full
KF572754	3089A_10	2012-02-XX	Human	China	Betacoronavirus_1	oc43	beta	full
KF572667	3089A_12	2012-02-XX	Human	China	Betacoronavirus_1	oc43	beta	full
KF572909	3089A_12	2012-02-XX	Human	China	Betacoronavirus_1	oc43	beta	full
KF572755	3098A_10	2012-02-XX	Human	China	Betacoronavirus_1	oc43	beta	full
KF572840	3098A_12	2012-02-XX	Human	China	Betacoronavirus_1	oc43	beta	full
KF923898	3184A/2012	2012-03-XX	Human	China	Betacoronavirus_1	oc43	beta	full
KF572756	3184A_10	2012-03-XX	Human	China	Betacoronavirus_1	oc43	beta	full
KF572668	3184A_12	2012-03-XX	Human	China	Betacoronavirus_1	oc43	beta	full
KF572813	3184A_12	2012-03-XX	Human	China	Betacoronavirus_1	oc43	beta	full
KF572910	3184A_12	2012-03-XX	Human	China	Betacoronavirus_1	oc43	beta	full
KF923906	3194A/2012	2012-03-XX	Human	China	Betacoronavirus_1	oc43	beta	full
KF572748	3194A_10	2012-03-XX	Human	China	Betacoronavirus_1	oc43	beta	full
KF572669	3194A_12	2012-03-XX	Human	China	Betacoronavirus_1	oc43	beta	full
KF572814	3194A_12	2012-03-XX	Human	China	Betacoronavirus_1	oc43	beta	full
KF572911	3194A_12	2012-03-XX	Human	China	Betacoronavirus_1	oc43	beta	full
KF923897	3269A/2012	2012-06-XX	Human	China	Betacoronavirus_1	oc43	beta	full
KF572757	3269A_10	2012-06-XX	Human	China	Betacoronavirus_1	oc43	beta	full
KF572670	3269A_12	2012-06-XX	Human	China	Betacoronavirus_1	oc43	beta	full
KF572841	3269A_12	2012-06-XX	Human	China	Betacoronavirus_1	oc43	beta	full
KF572912	3269A_12	2012-06-XX	Human	China	Betacoronavirus_1	oc43	beta	full
KF923899	3582/2006	2006-09-XX	Human	China	Betacoronavirus_1	oc43	beta	full
KF572671	3582_06	2006-09-XX	Human	China	Betacoronavirus_1	oc43	beta	full
KF572758	3582_06	2006-09-XX	Human	China	Betacoronavirus_1	oc43	beta	full
KF572817	3582_06	2006-09-XX	Human	China	Betacoronavirus_1	oc43	beta	full
KF572913	3582_06	2006-09-XX	Human	China	Betacoronavirus_1	oc43	beta	full
KF572759	3630_06	2006-10-XX	Human	China	Betacoronavirus_1	oc43	beta	full
KF923900	3647/2006	2006-10-XX	Human	China	Betacoronavirus_1	oc43	beta	full
KF572672	3647_06	2006-10-XX	Human	China	Betacoronavirus_1	oc43	beta	full
KF572760	3647_06	2006-10-XX	Human	China	Betacoronavirus_1	oc43	beta	full
KF572818	3647_06	2006-10-XX	Human	China	Betacoronavirus_1	oc43	beta	full
KF572914	3647_06	2006-10-XX	Human	China	Betacoronavirus_1	oc43	beta	full
KU745537	3791A/2013	2013-08-XX	Human	China	Betacoronavirus_1	oc43	beta	full
KU745553	3791A/2013	2013-08-XX	Human	China	Betacoronavirus_1	oc43	beta	full
KU745569	3791A/2013	2013-08-XX	Human	China	Betacoronavirus_1	oc43	beta	full
KF923890	39A/2007	2007-04-XX	Human	China	Betacoronavirus_1	oc43	beta	full
KF572673	39A_07	2007-04-XX	Human	China	Betacoronavirus_1	oc43	beta	full
KF572761	39A_07	2007-04-XX	Human	China	Betacoronavirus_1	oc43	beta	full
KF572915	39A_07	2007-04-XX	Human	China	Betacoronavirus_1	oc43	beta	full
KU745538	4068A/2014	2014-04-XX	Human	China	Betacoronavirus_1	oc43	beta	full
KU745554	4068A/2014	2014-04-XX	Human	China	Betacoronavirus_1	oc43	beta	full
KU745570	4068A/2014	2014-04-XX	Human	China	Betacoronavirus_1	oc43	beta	full
KU745539	4086A/2014	2014-04-XX	Human	China	Betacoronavirus_1	oc43	beta	full
KU745555	4086A/2014	2014-04-XX	Human	China	Betacoronavirus_1	oc43	beta	full
KU745571	4086A/2014	2014-04-XX	Human	China	Betacoronavirus_1	oc43	beta	full
KU745540	4400A/2015	2015-04-XX	Human	China	Betacoronavirus_1	oc43	beta	full
KU745556	4400A/2015	2015-04-XX	Human	China	Betacoronavirus_1	oc43	beta	full
KU745572	4400A/2015	2015-04-XX	Human	China	Betacoronavirus_1	oc43	beta	full
KU745541	4436A/2015	2015-05-XX	Human	China	Betacoronavirus_1	oc43	beta	full
KU745557	4436A/2015	2015-05-XX	Human	China	Betacoronavirus_1	oc43	beta	full
KU745573	4436A/2015	2015-05-XX	Human	China	Betacoronavirus_1	oc43	beta	full
KU745542	4446A/2015	2015-06-XX	Human	China	Betacoronavirus_1	oc43	beta	full
KU745558	4446A/2015	2015-06-XX	Human	China	Betacoronavirus_1	oc43	beta	full
KU745574	4446A/2015	2015-06-XX	Human	China	Betacoronavirus_1	oc43	beta	full
KU745543	4449A/2015	2015-06-XX	Human	China	Betacoronavirus_1	oc43	beta	full
KU745559	4449A/2015	2015-06-XX	Human	China	Betacoronavirus_1	oc43	beta	full
KU745575	4449A/2015	2015-06-XX	Human	China	Betacoronavirus_1	oc43	beta	full
KU745544	4450A/2015	2015-06-XX	Human	China	Betacoronavirus_1	oc43	beta	full
KU745560	4450A/2015	2015-06-XX	Human	China	Betacoronavirus_1	oc43	beta	full
KU745576	4450A/2015	2015-06-XX	Human	China	Betacoronavirus_1	oc43	beta	full
KU745545	4452A/2015	2015-06-XX	Human	China	Betacoronavirus_1	oc43	beta	full
KU745561	4452A/2015	2015-06-XX	Human	China	Betacoronavirus_1	oc43	beta	full
KU745577	4452A/2015	2015-06-XX	Human	China	Betacoronavirus_1	oc43	beta	full
KU745546	4467A/2015	2015-07-XX	Human	China	Betacoronavirus_1	oc43	beta	full
KU745562	4467A/2015	2015-07-XX	Human	China	Betacoronavirus_1	oc43	beta	full
KU745578	4467A/2015	2015-07-XX	Human	China	Betacoronavirus_1	oc43	beta	full
KF572674	4795_07	2007-03-XX	Human	China	Betacoronavirus_1	oc43	beta	full
KF572762	4795_07	2007-03-XX	Human	China	Betacoronavirus_1	oc43	beta	full
KF572842	4795_07	2007-03-XX	Human	China	Betacoronavirus_1	oc43	beta	full
KF572916	4795_07	2007-03-XX	Human	China	Betacoronavirus_1	oc43	beta	full
KF572675	4954_07	2007-03-XX	Human	China	Betacoronavirus_1	oc43	beta	full
KF572763	4954_07	2007-03-XX	Human	China	Betacoronavirus_1	oc43	beta	full
KF572843	4954_07	2007-03-XX	Human	China	Betacoronavirus_1	oc43	beta	full
KF572917	4954_07	2007-03-XX	Human	China	Betacoronavirus_1	oc43	beta	full
KF923891	5240/2007	2007-05-XX	Human	China	Betacoronavirus_1	oc43	beta	full
KF572676	5240_07	2007-03-XX	Human	China	Betacoronavirus_1	oc43	beta	full
KF572764	5240_07	2007-05-XX	Human	China	Betacoronavirus_1	oc43	beta	full
KF572844	5240_07	2007-03-XX	Human	China	Betacoronavirus_1	oc43	beta	full
KF572918	5240_07	2007-03-XX	Human	China	Betacoronavirus_1	oc43	beta	full
KF572677	5331_07	2007-03-XX	Human	China	Betacoronavirus_1	oc43	beta	full
KF572765	5331_07	2007-05-XX	Human	China	Betacoronavirus_1	oc43	beta	full
KF572845	5331_07	2007-03-XX	Human	China	Betacoronavirus_1	oc43	beta	full
KF572919	5331_07	2007-03-XX	Human	China	Betacoronavirus_1	oc43	beta	full
KF923892	5345/2007	2007-05-XX	Human	China	Betacoronavirus_1	oc43	beta	full
KF572678	5345_07	2007-03-XX	Human	China	Betacoronavirus_1	oc43	beta	full
KF572766	5345_07	2007-05-XX	Human	China	Betacoronavirus_1	oc43	beta	full
KF572846	5345_07	2007-03-XX	Human	China	Betacoronavirus_1	oc43	beta	full
KF572920	5345_07	2007-03-XX	Human	China	Betacoronavirus_1	oc43	beta	full
KF923894	5352/2007	2007-05-XX	Human	China	Betacoronavirus_1	oc43	beta	full
KF572679	5352_07	2007-03-XX	Human	China	Betacoronavirus_1	oc43	beta	full
KF572767	5352_07	2007-05-XX	Human	China	Betacoronavirus_1	oc43	beta	full
KF572847	5352_07	2007-03-XX	Human	China	Betacoronavirus_1	oc43	beta	full
KF572921	5352_07	2007-03-XX	Human	China	Betacoronavirus_1	oc43	beta	full
KF923907	5370/2007	2007-05-XX	Human	China	Betacoronavirus_1	oc43	beta	full
KF572680	5370_07	2007-03-XX	Human	China	Betacoronavirus_1	oc43	beta	full
KF572768	5370_07	2007-05-XX	Human	China	Betacoronavirus_1	oc43	beta	full
KF572848	5370_07	2007-03-XX	Human	China	Betacoronavirus_1	oc43	beta	full
KF572922	5370_07	2007-03-XX	Human	China	Betacoronavirus_1	oc43	beta	full
KF923908	5414/2007	2007-06-XX	Human	China	Betacoronavirus_1	oc43	beta	full
KF572681	5414_07	2007-06-XX	Human	China	Betacoronavirus_1	oc43	beta	full
KF572769	5414_07	2007-06-XX	Human	China	Betacoronavirus_1	oc43	beta	full
KF572849	5414_07	2007-06-XX	Human	China	Betacoronavirus_1	oc43	beta	full
KF572923	5414_07	2007-06-XX	Human	China	Betacoronavirus_1	oc43	beta	full
KF923909	5442/2007	2007-06-XX	Human	China	Betacoronavirus_1	oc43	beta	full
KF572682	5442_07	2007-06-XX	Human	China	Betacoronavirus_1	oc43	beta	full
KF572770	5442_07	2007-06-XX	Human	China	Betacoronavirus_1	oc43	beta	full
KF572850	5442_07	2007-06-XX	Human	China	Betacoronavirus_1	oc43	beta	full
KF572924	5442_07	2007-06-XX	Human	China	Betacoronavirus_1	oc43	beta	full
KF923910	5445/2007	2007-06-XX	Human	China	Betacoronavirus_1	oc43	beta	full
KF572683	5445_07	2007-06-XX	Human	China	Betacoronavirus_1	oc43	beta	full
KF572771	5445_07	2007-06-XX	Human	China	Betacoronavirus_1	oc43	beta	full
KF572851	5445_07	2007-06-XX	Human	China	Betacoronavirus_1	oc43	beta	full
KF572925	5445_07	2007-06-XX	Human	China	Betacoronavirus_1	oc43	beta	full
KF572772	5448_07	2007-06-XX	Human	China	Betacoronavirus_1	oc43	beta	full
KF572773	5462_07	2007-06-XX	Human	China	Betacoronavirus_1	oc43	beta	full
KF923901	5472/2007	2007-06-XX	Human	China	Betacoronavirus_1	oc43	beta	full
KF572684	5472_07	2007-06-XX	Human	China	Betacoronavirus_1	oc43	beta	full
KF572774	5472_07	2007-06-XX	Human	China	Betacoronavirus_1	oc43	beta	full
KF572852	5472_07	2007-06-XX	Human	China	Betacoronavirus_1	oc43	beta	full
KF572926	5472_07	2007-06-XX	Human	China	Betacoronavirus_1	oc43	beta	full
KF923911	5479/2007	2007-06-XX	Human	China	Betacoronavirus_1	oc43	beta	full
KF572685	5479_07	2007-06-XX	Human	China	Betacoronavirus_1	oc43	beta	full
KF572775	5479_07	2007-06-XX	Human	China	Betacoronavirus_1	oc43	beta	full
KF572853	5479_07	2007-06-XX	Human	China	Betacoronavirus_1	oc43	beta	full
KF572927	5479_07	2007-06-XX	Human	China	Betacoronavirus_1	oc43	beta	full
KF923912	5484/2007	2007-06-XX	Human	China	Betacoronavirus_1	oc43	beta	full
KF572686	5484_07	2007-06-XX	Human	China	Betacoronavirus_1	oc43	beta	full
KF572776	5484_07	2007-06-XX	Human	China	Betacoronavirus_1	oc43	beta	full
KF572854	5484_07	2007-06-XX	Human	China	Betacoronavirus_1	oc43	beta	full
KF572928	5484_07	2007-06-XX	Human	China	Betacoronavirus_1	oc43	beta	full
KF923913	5485/2007	2007-06-XX	Human	China	Betacoronavirus_1	oc43	beta	full
KF572687	5485_07	2007-06-XX	Human	China	Betacoronavirus_1	oc43	beta	full
KF572777	5485_07	2007-06-XX	Human	China	Betacoronavirus_1	oc43	beta	full
KF572855	5485_07	2007-06-XX	Human	China	Betacoronavirus_1	oc43	beta	full
KF572929	5485_07	2007-06-XX	Human	China	Betacoronavirus_1	oc43	beta	full
KF923914	5508/2007	2007-06-XX	Human	China	Betacoronavirus_1	oc43	beta	full
KF572688	5508_07	2007-06-XX	Human	China	Betacoronavirus_1	oc43	beta	full
KF572778	5508_07	2007-06-XX	Human	China	Betacoronavirus_1	oc43	beta	full
KF572856	5508_07	2007-06-XX	Human	China	Betacoronavirus_1	oc43	beta	full
KF572930	5508_07	2007-06-XX	Human	China	Betacoronavirus_1	oc43	beta	full
KF923915	5517/2007	2007-06-XX	Human	China	Betacoronavirus_1	oc43	beta	full
KF572689	5517_07	2007-06-XX	Human	China	Betacoronavirus_1	oc43	beta	full
KF572779	5517_07	2007-06-XX	Human	China	Betacoronavirus_1	oc43	beta	full
KF572857	5517_07	2007-06-XX	Human	China	Betacoronavirus_1	oc43	beta	full
KF572931	5517_07	2007-06-XX	Human	China	Betacoronavirus_1	oc43	beta	full
KF923916	5519/2007	2007-06-XX	Human	China	Betacoronavirus_1	oc43	beta	full
KF572690	5519_07	2007-06-XX	Human	China	Betacoronavirus_1	oc43	beta	full
KF572780	5519_07	2007-06-XX	Human	China	Betacoronavirus_1	oc43	beta	full
KF572858	5519_07	2007-06-XX	Human	China	Betacoronavirus_1	oc43	beta	full
KF572932	5519_07	2007-06-XX	Human	China	Betacoronavirus_1	oc43	beta	full
KF923917	5566/2007	2007-06-XX	Human	China	Betacoronavirus_1	oc43	beta	full
KF572691	5566_07	2007-06-XX	Human	China	Betacoronavirus_1	oc43	beta	full
KF572781	5566_07	2007-06-XX	Human	China	Betacoronavirus_1	oc43	beta	full
KF572859	5566_07	2007-06-XX	Human	China	Betacoronavirus_1	oc43	beta	full
KF572933	5566_07	2007-06-XX	Human	China	Betacoronavirus_1	oc43	beta	full
KF572782	5567_07	2007-06-XX	Human	China	Betacoronavirus_1	oc43	beta	full
KF572783	5569_07	2007-06-XX	Human	China	Betacoronavirus_1	oc43	beta	full
KF572692	5570_07	2007-06-XX	Human	China	Betacoronavirus_1	oc43	beta	full
KF572784	5570_07	2007-06-XX	Human	China	Betacoronavirus_1	oc43	beta	full
KF572934	5570_07	2007-06-XX	Human	China	Betacoronavirus_1	oc43	beta	full
KF923919	5595/2007	2007-07-XX	Human	China	Betacoronavirus_1	oc43	beta	full
KF572693	5595_07	2007-07-XX	Human	China	Betacoronavirus_1	oc43	beta	full
KF572785	5595_07	2007-07-XX	Human	China	Betacoronavirus_1	oc43	beta	full
KF572860	5595_07	2007-07-XX	Human	China	Betacoronavirus_1	oc43	beta	full
KF572935	5595_07	2007-07-XX	Human	China	Betacoronavirus_1	oc43	beta	full
KF923920	5617/2007	2007-07-XX	Human	China	Betacoronavirus_1	oc43	beta	full
KF572694	5617_07	2007-07-XX	Human	China	Betacoronavirus_1	oc43	beta	full
KF572786	5617_07	2007-07-XX	Human	China	Betacoronavirus_1	oc43	beta	full
KF572861	5617_07	2007-07-XX	Human	China	Betacoronavirus_1	oc43	beta	full
KF572936	5617_07	2007-07-XX	Human	China	Betacoronavirus_1	oc43	beta	full
KF572695	5625_07	2007-07-XX	Human	China	Betacoronavirus_1	oc43	beta	full
KF572787	5625_07	2007-07-XX	Human	China	Betacoronavirus_1	oc43	beta	full
KF572862	5625_07	2007-07-XX	Human	China	Betacoronavirus_1	oc43	beta	full
KF572937	5625_07	2007-07-XX	Human	China	Betacoronavirus_1	oc43	beta	full
KF572788	5652_07	2007-07-XX	Human	China	Betacoronavirus_1	oc43	beta	full
KF572696	5656_07	2007-07-XX	Human	China	Betacoronavirus_1	oc43	beta	full
KF572789	5656_07	2007-07-XX	Human	China	Betacoronavirus_1	oc43	beta	full
KF572863	5656_07	2007-07-XX	Human	China	Betacoronavirus_1	oc43	beta	full
KF572938	5656_07	2007-07-XX	Human	China	Betacoronavirus_1	oc43	beta	full
KF572790	607_05	2005-09-XX	Human	China	Betacoronavirus_1	oc43	beta	full
KF572791	648_05	2005-09-XX	Human	China	Betacoronavirus_1	oc43	beta	full
KF923921	69A/2007	2007-05-XX	Human	China	Betacoronavirus_1	oc43	beta	full
KF572697	69A_07	2007-05-XX	Human	China	Betacoronavirus_1	oc43	beta	full
KF572792	69A_07	2007-05-XX	Human	China	Betacoronavirus_1	oc43	beta	full
KF572864	69A_07	2007-05-XX	Human	China	Betacoronavirus_1	oc43	beta	full
KF572939	69A_07	2007-05-XX	Human	China	Betacoronavirus_1	oc43	beta	full
KF572698	7712_08	2008-11-XX	Human	China	Betacoronavirus_1	oc43	beta	full
KF572793	7712_08	2008-11-XX	Human	China	Betacoronavirus_1	oc43	beta	full
KF572699	8099_09	2009-02-XX	Human	China	Betacoronavirus_1	oc43	beta	full
KF572794	8099_09	2009-02-XX	Human	China	Betacoronavirus_1	oc43	beta	full
KF572865	8099_09	2009-02-XX	Human	China	Betacoronavirus_1	oc43	beta	full
KF572940	8099_09	2009-02-XX	Human	China	Betacoronavirus_1	oc43	beta	full
KF923922	8164/2009	2009-03-XX	Human	China	Betacoronavirus_1	oc43	beta	full
KF572700	8164_09	2009-03-XX	Human	China	Betacoronavirus_1	oc43	beta	full
KF572795	8164_09	2009-03-XX	Human	China	Betacoronavirus_1	oc43	beta	full
KF572866	8164_09	2009-03-XX	Human	China	Betacoronavirus_1	oc43	beta	full
KF572941	8164_09	2009-03-XX	Human	China	Betacoronavirus_1	oc43	beta	full
KF572701	8375_09	2009-04-XX	Human	China	Betacoronavirus_1	oc43	beta	full
KF572796	8375_09	2009-04-XX	Human	China	Betacoronavirus_1	oc43	beta	full
KF572867	8375_09	2009-04-XX	Human	China	Betacoronavirus_1	oc43	beta	full
KF572942	8375_09	2009-04-XX	Human	China	Betacoronavirus_1	oc43	beta	full
KF923923	892A/2008	2008-10-XX	Human	China	Betacoronavirus_1	oc43	beta	full
KF572702	892A_08	2008-10-XX	Human	China	Betacoronavirus_1	oc43	beta	full
KF572797	892A_08	2008-10-XX	Human	China	Betacoronavirus_1	oc43	beta	full
KF572868	892A_08	2008-10-XX	Human	China	Betacoronavirus_1	oc43	beta	full
KF572943	892A_08	2008-10-XX	Human	China	Betacoronavirus_1	oc43	beta	full
KF572703	8942_09	2009-08-XX	Human	China	Betacoronavirus_1	oc43	beta	full
KF572798	8942_09	2009-08-XX	Human	China	Betacoronavirus_1	oc43	beta	full
KF572869	8942_09	2009-08-XX	Human	China	Betacoronavirus_1	oc43	beta	full
KF572704	9001_09	2009-08-XX	Human	China	Betacoronavirus_1	oc43	beta	full
KF572799	9001_09	2009-08-XX	Human	China	Betacoronavirus_1	oc43	beta	full
KF572870	9001_09	2009-08-XX	Human	China	Betacoronavirus_1	oc43	beta	full
KF572944	9001_09	2009-08-XX	Human	China	Betacoronavirus_1	oc43	beta	full
KF572705	9138_09	2009-10-XX	Human	China	Betacoronavirus_1	oc43	beta	full
KF572800	9138_09	2009-10-XX	Human	China	Betacoronavirus_1	oc43	beta	full
KF572871	9138_09	2009-10-XX	Human	China	Betacoronavirus_1	oc43	beta	full
KF572945	9138_09	2009-10-XX	Human	China	Betacoronavirus_1	oc43	beta	full
KF572706	978A_08	2008-10-XX	Human	China	Betacoronavirus_1	oc43	beta	full
KF572801	978A_08	2008-10-XX	Human	China	Betacoronavirus_1	oc43	beta	full
KF572872	978A_08	2008-10-XX	Human	China	Betacoronavirus_1	oc43	beta	full
KF572946	978A_08	2008-10-XX	Human	China	Betacoronavirus_1	oc43	beta	full
KF572802	9817_10	2010-03-XX	Human	China	Betacoronavirus_1	oc43	beta	full
KF572947	9817_10	2010-03-XX	Human	China	Betacoronavirus_1	oc43	beta	full
JX513260	CU_H1187/2010	2010-01-05	Human	Thailand	Betacoronavirus_1	oc43	beta	full
JX513261	CU_H1367/2010	2010-01-28	Human	Thailand	Betacoronavirus_1	oc43	beta	full
JX513262	CU_H1444/2010	2010-02-04	Human	Thailand	Betacoronavirus_1	oc43	beta	full
JX513268	CU_H1772/2010	2010-03-18	Human	Thailand	Betacoronavirus_1	oc43	beta	full
JX513258	CU_H967/2009	2009-11-19	Human	Thailand	Betacoronavirus_1	oc43	beta	full
KU745547	HB14018d7/2014	2014-XX-XX	Human	China	Betacoronavirus_1	oc43	beta	full
KU745563	HB14018d7/2014	2014-XX-XX	Human	China	Betacoronavirus_1	oc43	beta	full
KU745579	HB14018d7/2014	2014-XX-XX	Human	China	Betacoronavirus_1	oc43	beta	full
KF963197	HCoV_OC43/FRA_EPI/Caen/1967/VR759	1967-XX-XX	Human	France	Betacoronavirus_1	oc43	beta	full
KF963213	HCoV_OC43/FRA_EPI/Caen/1967/VR759	1967-XX-XX	Human	France	Betacoronavirus_1	oc43	beta	full
KF963229	HCoV_OC43/FRA_EPI/Caen/1967/VR759	1967-XX-XX	Human	France	Betacoronavirus_1	oc43	beta	full
KF963198	HCoV_OC43/FRA_EPI/Caen/2001/01	2001-02-20	Human	France	Betacoronavirus_1	oc43	beta	full
KF963214	HCoV_OC43/FRA_EPI/Caen/2001/01	2001-02-20	Human	France	Betacoronavirus_1	oc43	beta	full
KF963230	HCoV_OC43/FRA_EPI/Caen/2001/01	2001-02-20	Human	France	Betacoronavirus_1	oc43	beta	full
KF963199	HCoV_OC43/FRA_EPI/Caen/2001/02	2001-02-07	Human	France	Betacoronavirus_1	oc43	beta	full
KF963215	HCoV_OC43/FRA_EPI/Caen/2001/02	2001-02-07	Human	France	Betacoronavirus_1	oc43	beta	full
KF963231	HCoV_OC43/FRA_EPI/Caen/2001/02	2001-02-07	Human	France	Betacoronavirus_1	oc43	beta	full
KF963200	HCoV_OC43/FRA_EPI/Caen/2002/03	2002-03-12	Human	France	Betacoronavirus_1	oc43	beta	full
KF963216	HCoV_OC43/FRA_EPI/Caen/2002/03	2002-03-12	Human	France	Betacoronavirus_1	oc43	beta	full
KF963232	HCoV_OC43/FRA_EPI/Caen/2002/03	2002-03-12	Human	France	Betacoronavirus_1	oc43	beta	full
KF963201	HCoV_OC43/FRA_EPI/Caen/2002/04	2002-02-21	Human	France	Betacoronavirus_1	oc43	beta	full
KF963217	HCoV_OC43/FRA_EPI/Caen/2002/04	2002-02-21	Human	France	Betacoronavirus_1	oc43	beta	full
KF963233	HCoV_OC43/FRA_EPI/Caen/2002/04	2002-02-21	Human	France	Betacoronavirus_1	oc43	beta	full
KF963202	HCoV_OC43/FRA_EPI/Caen/2003/05	2003-01-17	Human	France	Betacoronavirus_1	oc43	beta	full
KF963218	HCoV_OC43/FRA_EPI/Caen/2003/05	2003-01-17	Human	France	Betacoronavirus_1	oc43	beta	full
KF963234	HCoV_OC43/FRA_EPI/Caen/2003/05	2003-01-17	Human	France	Betacoronavirus_1	oc43	beta	full
KF963203	HCoV_OC43/FRA_EPI/Caen/2004/06	2004-02-20	Human	France	Betacoronavirus_1	oc43	beta	full
KF963219	HCoV_OC43/FRA_EPI/Caen/2004/06	2004-02-20	Human	France	Betacoronavirus_1	oc43	beta	full
KF963235	HCoV_OC43/FRA_EPI/Caen/2004/06	2004-02-20	Human	France	Betacoronavirus_1	oc43	beta	full
KF963204	HCoV_OC43/FRA_EPI/Caen/2005/07	2005-02-07	Human	France	Betacoronavirus_1	oc43	beta	full
KF963220	HCoV_OC43/FRA_EPI/Caen/2005/07	2005-02-07	Human	France	Betacoronavirus_1	oc43	beta	full
KF963236	HCoV_OC43/FRA_EPI/Caen/2005/07	2005-02-07	Human	France	Betacoronavirus_1	oc43	beta	full
KF963205	HCoV_OC43/FRA_EPI/Caen/2006/08	2006-04-12	Human	France	Betacoronavirus_1	oc43	beta	full
KF963221	HCoV_OC43/FRA_EPI/Caen/2006/08	2006-04-12	Human	France	Betacoronavirus_1	oc43	beta	full
KF963237	HCoV_OC43/FRA_EPI/Caen/2006/08	2006-04-12	Human	France	Betacoronavirus_1	oc43	beta	full
KF963206	HCoV_OC43/FRA_EPI/Caen/2007/09	2007-06-16	Human	France	Betacoronavirus_1	oc43	beta	full
KF963222	HCoV_OC43/FRA_EPI/Caen/2007/09	2007-06-16	Human	France	Betacoronavirus_1	oc43	beta	full
KF963238	HCoV_OC43/FRA_EPI/Caen/2007/09	2007-06-16	Human	France	Betacoronavirus_1	oc43	beta	full
KF963207	HCoV_OC43/FRA_EPI/Caen/2008/10	2008-01-17	Human	France	Betacoronavirus_1	oc43	beta	full
KF963223	HCoV_OC43/FRA_EPI/Caen/2008/10	2008-01-17	Human	France	Betacoronavirus_1	oc43	beta	full
KF963239	HCoV_OC43/FRA_EPI/Caen/2008/10	2008-01-17	Human	France	Betacoronavirus_1	oc43	beta	full
KF963208	HCoV_OC43/FRA_EPI/Caen/2009/11	2009-11-02	Human	France	Betacoronavirus_1	oc43	beta	full
KF963224	HCoV_OC43/FRA_EPI/Caen/2009/11	2009-11-02	Human	France	Betacoronavirus_1	oc43	beta	full
KF963240	HCoV_OC43/FRA_EPI/Caen/2009/11	2009-11-02	Human	France	Betacoronavirus_1	oc43	beta	full
KF963209	HCoV_OC43/FRA_EPI/Caen/2010/12	2010-12-17	Human	France	Betacoronavirus_1	oc43	beta	full
KF963225	HCoV_OC43/FRA_EPI/Caen/2010/12	2010-12-17	Human	France	Betacoronavirus_1	oc43	beta	full
KF963241	HCoV_OC43/FRA_EPI/Caen/2010/12	2010-12-17	Human	France	Betacoronavirus_1	oc43	beta	full
KF963210	HCoV_OC43/FRA_EPI/Caen/2011/13	2011-11-20	Human	France	Betacoronavirus_1	oc43	beta	full
KF963226	HCoV_OC43/FRA_EPI/Caen/2011/13	2011-11-20	Human	France	Betacoronavirus_1	oc43	beta	full
KF963242	HCoV_OC43/FRA_EPI/Caen/2011/13	2011-11-20	Human	France	Betacoronavirus_1	oc43	beta	full
KF963211	HCoV_OC43/FRA_EPI/Caen/2012/14	2012-03-30	Human	France	Betacoronavirus_1	oc43	beta	full
KF963227	HCoV_OC43/FRA_EPI/Caen/2012/14	2012-03-30	Human	France	Betacoronavirus_1	oc43	beta	full
KF963243	HCoV_OC43/FRA_EPI/Caen/2012/14	2012-03-30	Human	France	Betacoronavirus_1	oc43	beta	full
KF963212	HCoV_OC43/FRA_EPI/Caen/2013/15	2013-03-18	Human	France	Betacoronavirus_1	oc43	beta	full
KF963228	HCoV_OC43/FRA_EPI/Caen/2013/15	2013-03-18	Human	France	Betacoronavirus_1	oc43	beta	full
KF963244	HCoV_OC43/FRA_EPI/Caen/2013/15	2013-03-18	Human	France	Betacoronavirus_1	oc43	beta	full
KU131570	HCoV_OC43/UK/London/2011	2011-08-20	Human	United_Kingdom	Betacoronavirus_1	oc43	beta	full
MF314143	HCoV_OC43/USA/ACRI_0052/2016	2016-03-07	Human	USA	Betacoronavirus_1	oc43	beta	full
MH121121	HCoV_OC43/USA/ACRI_0213/2016	2016-12-19	Human	USA	Betacoronavirus_1	oc43	beta	full
MF374984	HCoV_OC43/USA/TCNP_00204/2017	2017-01-03	Human	USA	Betacoronavirus_1	oc43	beta	full
MF374985	HCoV_OC43/USA/TCNP_00212/2017	2017-01-17	Human	USA	Betacoronavirus_1	oc43	beta	full
MF374983	HCoV_OC43/USA/TCNP_0070/2016	2016-02-01	Human	USA	Betacoronavirus_1	oc43	beta	full
LC506789	HCoV_OC43/Yamagata.JPN/01.2011_0064	2011-01-XX	Human	Japan	Betacoronavirus_1	oc43	beta	full
LC331068	HCoV_OC43/Yamagata.JPN/02.15_0022	2015-01-XX	Human	Japan	Betacoronavirus_1	oc43	beta	full
LC331069	HCoV_OC43/Yamagata.JPN/02.15_0076	2015-01-XX	Human	Japan	Betacoronavirus_1	oc43	beta	full
LC331070	HCoV_OC43/Yamagata.JPN/02.15_0083	2015-01-XX	Human	Japan	Betacoronavirus_1	oc43	beta	full
LC506755	HCoV_OC43/Yamagata.JPN/02.2009_0058	2009-01-XX	Human	Japan	Betacoronavirus_1	oc43	beta	full
LC506756	HCoV_OC43/Yamagata.JPN/02.2009_0063	2009-01-XX	Human	Japan	Betacoronavirus_1	oc43	beta	full
LC506845	HCoV_OC43/Yamagata.JPN/02.2015_0077	2015-01-XX	Human	Japan	Betacoronavirus_1	oc43	beta	full
LC331071	HCoV_OC43/Yamagata.JPN/03.15_0087	2015-01-XX	Human	Japan	Betacoronavirus_1	oc43	beta	full
LC506757	HCoV_OC43/Yamagata.JPN/03.2009_0118	2009-01-XX	Human	Japan	Betacoronavirus_1	oc43	beta	full
LC506767	HCoV_OC43/Yamagata.JPN/03.2010_0241	2010-01-XX	Human	Japan	Betacoronavirus_1	oc43	beta	full
LC506824	HCoV_OC43/Yamagata.JPN/03.2014_0174	2014-01-XX	Human	Japan	Betacoronavirus_1	oc43	beta	full
LC506846	HCoV_OC43/Yamagata.JPN/03.2015_0086	2015-01-XX	Human	Japan	Betacoronavirus_1	oc43	beta	full
LC506847	HCoV_OC43/Yamagata.JPN/03.2015_0088	2015-01-XX	Human	Japan	Betacoronavirus_1	oc43	beta	full
LC506848	HCoV_OC43/Yamagata.JPN/03.2015_0093	2015-01-XX	Human	Japan	Betacoronavirus_1	oc43	beta	full
LC506849	HCoV_OC43/Yamagata.JPN/03.2015_0101	2015-01-XX	Human	Japan	Betacoronavirus_1	oc43	beta	full
LC506850	HCoV_OC43/Yamagata.JPN/03.2015_0128	2015-01-XX	Human	Japan	Betacoronavirus_1	oc43	beta	full
LC506851	HCoV_OC43/Yamagata.JPN/03.2015_0129	2015-01-XX	Human	Japan	Betacoronavirus_1	oc43	beta	full
LC506852	HCoV_OC43/Yamagata.JPN/03.2015_0130	2015-01-XX	Human	Japan	Betacoronavirus_1	oc43	beta	full
LC506853	HCoV_OC43/Yamagata.JPN/03.2015_0131	2015-01-XX	Human	Japan	Betacoronavirus_1	oc43	beta	full
LC506854	HCoV_OC43/Yamagata.JPN/03.2015_0134	2015-01-XX	Human	Japan	Betacoronavirus_1	oc43	beta	full
LC506855	HCoV_OC43/Yamagata.JPN/03.2015_0136	2015-01-XX	Human	Japan	Betacoronavirus_1	oc43	beta	full
LC331072	HCoV_OC43/Yamagata.JPN/04.15_0214	2015-01-XX	Human	Japan	Betacoronavirus_1	oc43	beta	full
LC506768	HCoV_OC43/Yamagata.JPN/04.2010_0251	2010-01-XX	Human	Japan	Betacoronavirus_1	oc43	beta	full
LC506801	HCoV_OC43/Yamagata.JPN/04.2012_0168	2012-01-XX	Human	Japan	Betacoronavirus_1	oc43	beta	full
LC506815	HCoV_OC43/Yamagata.JPN/04.2013_0289	2013-01-XX	Human	Japan	Betacoronavirus_1	oc43	beta	full
LC506825	HCoV_OC43/Yamagata.JPN/04.2014_0225	2014-01-XX	Human	Japan	Betacoronavirus_1	oc43	beta	full
LC506856	HCoV_OC43/Yamagata.JPN/04.2015_0137	2015-01-XX	Human	Japan	Betacoronavirus_1	oc43	beta	full
LC506857	HCoV_OC43/Yamagata.JPN/04.2015_0140	2015-01-XX	Human	Japan	Betacoronavirus_1	oc43	beta	full
LC506858	HCoV_OC43/Yamagata.JPN/04.2015_0142	2015-01-XX	Human	Japan	Betacoronavirus_1	oc43	beta	full
LC506859	HCoV_OC43/Yamagata.JPN/04.2015_0144	2015-01-XX	Human	Japan	Betacoronavirus_1	oc43	beta	full
LC506860	HCoV_OC43/Yamagata.JPN/04.2015_0147	2015-01-XX	Human	Japan	Betacoronavirus_1	oc43	beta	full
LC506861	HCoV_OC43/Yamagata.JPN/04.2015_0151	2015-01-XX	Human	Japan	Betacoronavirus_1	oc43	beta	full
LC506862	HCoV_OC43/Yamagata.JPN/04.2015_0152	2015-01-XX	Human	Japan	Betacoronavirus_1	oc43	beta	full
LC506863	HCoV_OC43/Yamagata.JPN/04.2015_0154	2015-01-XX	Human	Japan	Betacoronavirus_1	oc43	beta	full
LC506864	HCoV_OC43/Yamagata.JPN/04.2015_0155	2015-01-XX	Human	Japan	Betacoronavirus_1	oc43	beta	full
LC506865	HCoV_OC43/Yamagata.JPN/04.2015_0158	2015-01-XX	Human	Japan	Betacoronavirus_1	oc43	beta	full
LC506866	HCoV_OC43/Yamagata.JPN/04.2015_0159	2015-01-XX	Human	Japan	Betacoronavirus_1	oc43	beta	full
LC506867	HCoV_OC43/Yamagata.JPN/04.2015_0209	2015-01-XX	Human	Japan	Betacoronavirus_1	oc43	beta	full
LC506868	HCoV_OC43/Yamagata.JPN/04.2015_0210	2015-01-XX	Human	Japan	Betacoronavirus_1	oc43	beta	full
LC506869	HCoV_OC43/Yamagata.JPN/04.2015_0211	2015-01-XX	Human	Japan	Betacoronavirus_1	oc43	beta	full
LC506870	HCoV_OC43/Yamagata.JPN/04.2015_0213	2015-01-XX	Human	Japan	Betacoronavirus_1	oc43	beta	full
LC331073	HCoV_OC43/Yamagata.JPN/05.15_0234	2015-01-XX	Human	Japan	Betacoronavirus_1	oc43	beta	full
LC331074	HCoV_OC43/Yamagata.JPN/05.15_0248	2015-01-XX	Human	Japan	Betacoronavirus_1	oc43	beta	full
LC506758	HCoV_OC43/Yamagata.JPN/05.2009_0292	2009-01-XX	Human	Japan	Betacoronavirus_1	oc43	beta	full
LC506802	HCoV_OC43/Yamagata.JPN/05.2012_0279	2012-02-XX	Human	Japan	Betacoronavirus_1	oc43	beta	full
LC506803	HCoV_OC43/Yamagata.JPN/05.2012_0283	2012-02-XX	Human	Japan	Betacoronavirus_1	oc43	beta	full
LC506816	HCoV_OC43/Yamagata.JPN/05.2013_0300	2013-01-XX	Human	Japan	Betacoronavirus_1	oc43	beta	full
LC506826	HCoV_OC43/Yamagata.JPN/05.2014_0285	2014-01-XX	Human	Japan	Betacoronavirus_1	oc43	beta	full
LC506871	HCoV_OC43/Yamagata.JPN/05.2015_0215	2015-01-XX	Human	Japan	Betacoronavirus_1	oc43	beta	full
LC506872	HCoV_OC43/Yamagata.JPN/05.2015_0216	2015-01-XX	Human	Japan	Betacoronavirus_1	oc43	beta	full
LC506873	HCoV_OC43/Yamagata.JPN/05.2015_0218	2015-01-XX	Human	Japan	Betacoronavirus_1	oc43	beta	full
LC506874	HCoV_OC43/Yamagata.JPN/05.2015_0220	2015-01-XX	Human	Japan	Betacoronavirus_1	oc43	beta	full
LC506875	HCoV_OC43/Yamagata.JPN/05.2015_0223	2015-01-XX	Human	Japan	Betacoronavirus_1	oc43	beta	full
LC506876	HCoV_OC43/Yamagata.JPN/05.2015_0224	2015-01-XX	Human	Japan	Betacoronavirus_1	oc43	beta	full
LC506877	HCoV_OC43/Yamagata.JPN/05.2015_0225	2015-01-XX	Human	Japan	Betacoronavirus_1	oc43	beta	full
LC506878	HCoV_OC43/Yamagata.JPN/05.2015_0228	2015-01-XX	Human	Japan	Betacoronavirus_1	oc43	beta	full
LC506879	HCoV_OC43/Yamagata.JPN/05.2015_0229	2015-01-XX	Human	Japan	Betacoronavirus_1	oc43	beta	full
LC506880	HCoV_OC43/Yamagata.JPN/05.2015_0230	2015-01-XX	Human	Japan	Betacoronavirus_1	oc43	beta	full
LC506881	HCoV_OC43/Yamagata.JPN/05.2015_0232	2015-01-XX	Human	Japan	Betacoronavirus_1	oc43	beta	full
LC506882	HCoV_OC43/Yamagata.JPN/05.2015_0233	2015-01-XX	Human	Japan	Betacoronavirus_1	oc43	beta	full
LC506883	HCoV_OC43/Yamagata.JPN/05.2015_0235	2015-01-XX	Human	Japan	Betacoronavirus_1	oc43	beta	full
LC506884	HCoV_OC43/Yamagata.JPN/05.2015_0236	2015-01-XX	Human	Japan	Betacoronavirus_1	oc43	beta	full
LC506885	HCoV_OC43/Yamagata.JPN/05.2015_0275	2015-01-XX	Human	Japan	Betacoronavirus_1	oc43	beta	full
LC506886	HCoV_OC43/Yamagata.JPN/05.2015_0279	2015-01-XX	Human	Japan	Betacoronavirus_1	oc43	beta	full
LC506887	HCoV_OC43/Yamagata.JPN/05.2015_0282	2015-01-XX	Human	Japan	Betacoronavirus_1	oc43	beta	full
LC506888	HCoV_OC43/Yamagata.JPN/05.2015_0284	2015-01-XX	Human	Japan	Betacoronavirus_1	oc43	beta	full
LC506950	HCoV_OC43/Yamagata.JPN/05.2015_0285	2015-01-XX	Human	Japan	Betacoronavirus_1	oc43	beta	full
LC506889	HCoV_OC43/Yamagata.JPN/05.2015_0287	2015-01-XX	Human	Japan	Betacoronavirus_1	oc43	beta	full
LC506890	HCoV_OC43/Yamagata.JPN/05.2015_0288	2015-01-XX	Human	Japan	Betacoronavirus_1	oc43	beta	full
LC506917	HCoV_OC43/Yamagata.JPN/05.2017_0193	2017-01-XX	Human	Japan	Betacoronavirus_1	oc43	beta	full
LC506918	HCoV_OC43/Yamagata.JPN/05.2017_0247	2017-02-XX	Human	Japan	Betacoronavirus_1	oc43	beta	full
LC331075	HCoV_OC43/Yamagata.JPN/06.15_0350	2015-02-XX	Human	Japan	Betacoronavirus_1	oc43	beta	full
LC506804	HCoV_OC43/Yamagata.JPN/06.2012_0291	2012-02-XX	Human	Japan	Betacoronavirus_1	oc43	beta	full
LC506805	HCoV_OC43/Yamagata.JPN/06.2012_0369	2012-02-XX	Human	Japan	Betacoronavirus_1	oc43	beta	full
LC506806	HCoV_OC43/Yamagata.JPN/06.2012_0371	2012-02-XX	Human	Japan	Betacoronavirus_1	oc43	beta	full
LC506817	HCoV_OC43/Yamagata.JPN/06.2013_0348	2013-02-XX	Human	Japan	Betacoronavirus_1	oc43	beta	full
LC506818	HCoV_OC43/Yamagata.JPN/06.2013_0375	2013-02-XX	Human	Japan	Betacoronavirus_1	oc43	beta	full
LC506819	HCoV_OC43/Yamagata.JPN/06.2013_0378	2013-02-XX	Human	Japan	Betacoronavirus_1	oc43	beta	full
LC506827	HCoV_OC43/Yamagata.JPN/06.2014_0296	2014-02-XX	Human	Japan	Betacoronavirus_1	oc43	beta	full
LC506828	HCoV_OC43/Yamagata.JPN/06.2014_0297	2014-02-XX	Human	Japan	Betacoronavirus_1	oc43	beta	full
LC506829	HCoV_OC43/Yamagata.JPN/06.2014_0370	2014-02-XX	Human	Japan	Betacoronavirus_1	oc43	beta	full
LC506830	HCoV_OC43/Yamagata.JPN/06.2014_0371	2014-02-XX	Human	Japan	Betacoronavirus_1	oc43	beta	full
LC506831	HCoV_OC43/Yamagata.JPN/06.2014_0375	2014-02-XX	Human	Japan	Betacoronavirus_1	oc43	beta	full
LC506832	HCoV_OC43/Yamagata.JPN/06.2014_0378	2014-02-XX	Human	Japan	Betacoronavirus_1	oc43	beta	full
LC506891	HCoV_OC43/Yamagata.JPN/06.2015_0290	2015-02-XX	Human	Japan	Betacoronavirus_1	oc43	beta	full
LC506892	HCoV_OC43/Yamagata.JPN/06.2015_0291	2015-02-XX	Human	Japan	Betacoronavirus_1	oc43	beta	full
LC506893	HCoV_OC43/Yamagata.JPN/06.2015_0294	2015-02-XX	Human	Japan	Betacoronavirus_1	oc43	beta	full
LC506894	HCoV_OC43/Yamagata.JPN/06.2015_0297	2015-02-XX	Human	Japan	Betacoronavirus_1	oc43	beta	full
LC506895	HCoV_OC43/Yamagata.JPN/06.2015_0300	2015-02-XX	Human	Japan	Betacoronavirus_1	oc43	beta	full
LC506896	HCoV_OC43/Yamagata.JPN/06.2015_0301	2015-02-XX	Human	Japan	Betacoronavirus_1	oc43	beta	full
LC506897	HCoV_OC43/Yamagata.JPN/06.2015_0303	2015-02-XX	Human	Japan	Betacoronavirus_1	oc43	beta	full
LC506898	HCoV_OC43/Yamagata.JPN/06.2015_0351	2015-02-XX	Human	Japan	Betacoronavirus_1	oc43	beta	full
LC506900	HCoV_OC43/Yamagata.JPN/06.2015_0359	2015-02-XX	Human	Japan	Betacoronavirus_1	oc43	beta	full
LC506919	HCoV_OC43/Yamagata.JPN/06.2017_0266	2017-02-XX	Human	Japan	Betacoronavirus_1	oc43	beta	full
LC506920	HCoV_OC43/Yamagata.JPN/06.2017_0300	2017-02-XX	Human	Japan	Betacoronavirus_1	oc43	beta	full
LC506759	HCoV_OC43/Yamagata.JPN/07.2009_0467	2009-02-XX	Human	Japan	Betacoronavirus_1	oc43	beta	full
LC506760	HCoV_OC43/Yamagata.JPN/07.2009_0469	2009-02-XX	Human	Japan	Betacoronavirus_1	oc43	beta	full
LC506761	HCoV_OC43/Yamagata.JPN/07.2009_0536	2009-02-XX	Human	Japan	Betacoronavirus_1	oc43	beta	full
LC506820	HCoV_OC43/Yamagata.JPN/07.2013_0380	2013-02-XX	Human	Japan	Betacoronavirus_1	oc43	beta	full
LC506833	HCoV_OC43/Yamagata.JPN/07.2014_0380	2014-02-XX	Human	Japan	Betacoronavirus_1	oc43	beta	full
LC506838	HCoV_OC43/Yamagata.JPN/07.2014_0446	2014-02-XX	Human	Japan	Betacoronavirus_1	oc43	beta	full
LC506899	HCoV_OC43/Yamagata.JPN/07.2015_0353	2015-02-XX	Human	Japan	Betacoronavirus_1	oc43	beta	full
LC506901	HCoV_OC43/Yamagata.JPN/07.2015_0361	2015-02-XX	Human	Japan	Betacoronavirus_1	oc43	beta	full
LC506902	HCoV_OC43/Yamagata.JPN/07.2015_0368	2015-02-XX	Human	Japan	Betacoronavirus_1	oc43	beta	full
LC506903	HCoV_OC43/Yamagata.JPN/07.2015_0369	2015-02-XX	Human	Japan	Betacoronavirus_1	oc43	beta	full
LC506904	HCoV_OC43/Yamagata.JPN/07.2015_0373	2015-02-XX	Human	Japan	Betacoronavirus_1	oc43	beta	full
LC506905	HCoV_OC43/Yamagata.JPN/07.2015_0416	2015-02-XX	Human	Japan	Betacoronavirus_1	oc43	beta	full
LC506906	HCoV_OC43/Yamagata.JPN/07.2015_0417	2015-02-XX	Human	Japan	Betacoronavirus_1	oc43	beta	full
LC506907	HCoV_OC43/Yamagata.JPN/07.2015_0418	2015-02-XX	Human	Japan	Betacoronavirus_1	oc43	beta	full
LC506908	HCoV_OC43/Yamagata.JPN/07.2015_0424	2015-02-XX	Human	Japan	Betacoronavirus_1	oc43	beta	full
LC506909	HCoV_OC43/Yamagata.JPN/07.2015_0425	2015-02-XX	Human	Japan	Betacoronavirus_1	oc43	beta	full
LC506921	HCoV_OC43/Yamagata.JPN/07.2017_0304	2017-02-XX	Human	Japan	Betacoronavirus_1	oc43	beta	full
LC506922	HCoV_OC43/Yamagata.JPN/07.2017_0305	2017-02-XX	Human	Japan	Betacoronavirus_1	oc43	beta	full
LC506923	HCoV_OC43/Yamagata.JPN/07.2017_0306	2017-02-XX	Human	Japan	Betacoronavirus_1	oc43	beta	full
LC506924	HCoV_OC43/Yamagata.JPN/07.2017_0314	2017-02-XX	Human	Japan	Betacoronavirus_1	oc43	beta	full
LC506925	HCoV_OC43/Yamagata.JPN/07.2017_0354	2017-02-XX	Human	Japan	Betacoronavirus_1	oc43	beta	full
LC506926	HCoV_OC43/Yamagata.JPN/07.2017_0361	2017-02-XX	Human	Japan	Betacoronavirus_1	oc43	beta	full
LC506927	HCoV_OC43/Yamagata.JPN/07.2017_0362	2017-02-XX	Human	Japan	Betacoronavirus_1	oc43	beta	full
LC506762	HCoV_OC43/Yamagata.JPN/08.2009_0554	2009-02-XX	Human	Japan	Betacoronavirus_1	oc43	beta	full
LC506821	HCoV_OC43/Yamagata.JPN/08.2013_0498	2013-02-XX	Human	Japan	Betacoronavirus_1	oc43	beta	full
LC506834	HCoV_OC43/Yamagata.JPN/08.2014_0432	2014-02-XX	Human	Japan	Betacoronavirus_1	oc43	beta	full
LC506835	HCoV_OC43/Yamagata.JPN/08.2014_0434	2014-02-XX	Human	Japan	Betacoronavirus_1	oc43	beta	full
LC506836	HCoV_OC43/Yamagata.JPN/08.2014_0435	2014-02-XX	Human	Japan	Betacoronavirus_1	oc43	beta	full
LC506837	HCoV_OC43/Yamagata.JPN/08.2014_0436	2014-02-XX	Human	Japan	Betacoronavirus_1	oc43	beta	full
LC506839	HCoV_OC43/Yamagata.JPN/08.2014_0484	2014-02-XX	Human	Japan	Betacoronavirus_1	oc43	beta	full
LC506840	HCoV_OC43/Yamagata.JPN/08.2014_0485	2014-02-XX	Human	Japan	Betacoronavirus_1	oc43	beta	full
LC506910	HCoV_OC43/Yamagata.JPN/08.2015_0433	2015-02-XX	Human	Japan	Betacoronavirus_1	oc43	beta	full
LC506911	HCoV_OC43/Yamagata.JPN/08.2015_0434	2015-02-XX	Human	Japan	Betacoronavirus_1	oc43	beta	full
LC506912	HCoV_OC43/Yamagata.JPN/08.2015_0486	2015-02-XX	Human	Japan	Betacoronavirus_1	oc43	beta	full
LC506928	HCoV_OC43/Yamagata.JPN/08.2017_0364	2017-02-XX	Human	Japan	Betacoronavirus_1	oc43	beta	full
LC506929	HCoV_OC43/Yamagata.JPN/08.2017_0375	2017-02-XX	Human	Japan	Betacoronavirus_1	oc43	beta	full
LC506930	HCoV_OC43/Yamagata.JPN/08.2017_0379	2017-02-XX	Human	Japan	Betacoronavirus_1	oc43	beta	full
LC506763	HCoV_OC43/Yamagata.JPN/09.2009_0623	2009-02-XX	Human	Japan	Betacoronavirus_1	oc43	beta	full
LC506790	HCoV_OC43/Yamagata.JPN/09.2011_0752	2011-03-XX	Human	Japan	Betacoronavirus_1	oc43	beta	full
LC506807	HCoV_OC43/Yamagata.JPN/09.2012_0501	2012-02-XX	Human	Japan	Betacoronavirus_1	oc43	beta	full
LC506913	HCoV_OC43/Yamagata.JPN/09.2015_0492	2015-02-XX	Human	Japan	Betacoronavirus_1	oc43	beta	full
LC506931	HCoV_OC43/Yamagata.JPN/09.2017_0410	2017-02-XX	Human	Japan	Betacoronavirus_1	oc43	beta	full
LC506932	HCoV_OC43/Yamagata.JPN/09.2017_0411	2017-02-XX	Human	Japan	Betacoronavirus_1	oc43	beta	full
LC506933	HCoV_OC43/Yamagata.JPN/09.2017_0478	2017-03-XX	Human	Japan	Betacoronavirus_1	oc43	beta	full
LC506934	HCoV_OC43/Yamagata.JPN/09.2017_0480	2017-03-XX	Human	Japan	Betacoronavirus_1	oc43	beta	full
LC506935	HCoV_OC43/Yamagata.JPN/09.2017_0482	2017-03-XX	Human	Japan	Betacoronavirus_1	oc43	beta	full
LC331076	HCoV_OC43/Yamagata.JPN/10.15_0600	2015-03-XX	Human	Japan	Betacoronavirus_1	oc43	beta	full
LC506764	HCoV_OC43/Yamagata.JPN/10.2009_0762	2009-03-XX	Human	Japan	Betacoronavirus_1	oc43	beta	full
LC506822	HCoV_OC43/Yamagata.JPN/10.2013_0627	2013-03-XX	Human	Japan	Betacoronavirus_1	oc43	beta	full
LC506951	HCoV_OC43/Yamagata.JPN/10.2017_0491	2017-03-XX	Human	Japan	Betacoronavirus_1	oc43	beta	full
LC506936	HCoV_OC43/Yamagata.JPN/10.2017_0516	2017-03-XX	Human	Japan	Betacoronavirus_1	oc43	beta	full
LC331077	HCoV_OC43/Yamagata.JPN/11.15_0612	2015-03-XX	Human	Japan	Betacoronavirus_1	oc43	beta	full
LC331078	HCoV_OC43/Yamagata.JPN/11.15_0615	2015-03-XX	Human	Japan	Betacoronavirus_1	oc43	beta	full
LC331079	HCoV_OC43/Yamagata.JPN/11.16_0552	2016-03-XX	Human	Japan	Betacoronavirus_1	oc43	beta	full
LC506765	HCoV_OC43/Yamagata.JPN/11.2009_0765	2009-03-XX	Human	Japan	Betacoronavirus_1	oc43	beta	full
LC506766	HCoV_OC43/Yamagata.JPN/11.2009_0842	2009-03-XX	Human	Japan	Betacoronavirus_1	oc43	beta	full
LC506823	HCoV_OC43/Yamagata.JPN/11.2013_0666	2013-03-XX	Human	Japan	Betacoronavirus_1	oc43	beta	full
LC506914	HCoV_OC43/Yamagata.JPN/11.2015_0604	2015-03-XX	Human	Japan	Betacoronavirus_1	oc43	beta	full
LC506937	HCoV_OC43/Yamagata.JPN/11.2017_0521	2017-03-XX	Human	Japan	Betacoronavirus_1	oc43	beta	full
LC506938	HCoV_OC43/Yamagata.JPN/11.2017_0634	2017-03-XX	Human	Japan	Betacoronavirus_1	oc43	beta	full
LC506939	HCoV_OC43/Yamagata.JPN/12.2017_0640	2017-03-XX	Human	Japan	Betacoronavirus_1	oc43	beta	full
LC506940	HCoV_OC43/Yamagata.JPN/12.2017_0642	2017-03-XX	Human	Japan	Betacoronavirus_1	oc43	beta	full
LC506941	HCoV_OC43/Yamagata.JPN/12.2017_0751	2017-03-XX	Human	Japan	Betacoronavirus_1	oc43	beta	full
LC506791	HCoV_OC43/Yamagata.JPN/13.2011_0825	2011-03-XX	Human	Japan	Betacoronavirus_1	oc43	beta	full
LC506792	HCoV_OC43/Yamagata.JPN/13.2011_0857	2011-03-XX	Human	Japan	Betacoronavirus_1	oc43	beta	full
LC506808	HCoV_OC43/Yamagata.JPN/13.2012_0719	2012-03-XX	Human	Japan	Betacoronavirus_1	oc43	beta	full
LC506915	HCoV_OC43/Yamagata.JPN/13.2015_0693	2015-03-XX	Human	Japan	Betacoronavirus_1	oc43	beta	full
LC331080	HCoV_OC43/Yamagata.JPN/14.16_0684	2016-04-XX	Human	Japan	Betacoronavirus_1	oc43	beta	full
LC506793	HCoV_OC43/Yamagata.JPN/14.2011_0874	2011-04-XX	Human	Japan	Betacoronavirus_1	oc43	beta	full
LC506794	HCoV_OC43/Yamagata.JPN/14.2011_0897	2011-04-XX	Human	Japan	Betacoronavirus_1	oc43	beta	full
LC506809	HCoV_OC43/Yamagata.JPN/14.2012_0781	2012-04-XX	Human	Japan	Betacoronavirus_1	oc43	beta	full
LC506942	HCoV_OC43/Yamagata.JPN/14.2017_0959	2017-04-XX	Human	Japan	Betacoronavirus_1	oc43	beta	full
LC506795	HCoV_OC43/Yamagata.JPN/16.2011_0969	2011-04-XX	Human	Japan	Betacoronavirus_1	oc43	beta	full
LC506943	HCoV_OC43/Yamagata.JPN/16.2017_1199	2017-04-XX	Human	Japan	Betacoronavirus_1	oc43	beta	full
LC506916	HCoV_OC43/Yamagata.JPN/19.2015_0902	2015-05-XX	Human	Japan	Betacoronavirus_1	oc43	beta	full
LC331089	HCoV_OC43/Yamagata.JPN/20.16_0885	2016-05-XX	Human	Japan	Betacoronavirus_1	oc43	beta	full
LC331081	HCoV_OC43/Yamagata.JPN/20.16_0914	2016-05-XX	Human	Japan	Betacoronavirus_1	oc43	beta	full
LC506769	HCoV_OC43/Yamagata.JPN/20.2010_1337	2010-05-XX	Human	Japan	Betacoronavirus_1	oc43	beta	full
LC506770	HCoV_OC43/Yamagata.JPN/20.2010_1341	2010-05-XX	Human	Japan	Betacoronavirus_1	oc43	beta	full
LC506796	HCoV_OC43/Yamagata.JPN/20.2011_1168	2011-05-XX	Human	Japan	Betacoronavirus_1	oc43	beta	full
LC506944	HCoV_OC43/Yamagata.JPN/20.2017_1370	2017-05-XX	Human	Japan	Betacoronavirus_1	oc43	beta	full
LC506771	HCoV_OC43/Yamagata.JPN/21.2010_1394	2010-05-XX	Human	Japan	Betacoronavirus_1	oc43	beta	full
LC506797	HCoV_OC43/Yamagata.JPN/21.2011_1174	2011-05-XX	Human	Japan	Betacoronavirus_1	oc43	beta	full
LC506798	HCoV_OC43/Yamagata.JPN/21.2011_1236	2011-05-XX	Human	Japan	Betacoronavirus_1	oc43	beta	full
LC331082	HCoV_OC43/Yamagata.JPN/22.16_0950	2016-06-XX	Human	Japan	Betacoronavirus_1	oc43	beta	full
LC506799	HCoV_OC43/Yamagata.JPN/22.2011_1255	2011-06-XX	Human	Japan	Betacoronavirus_1	oc43	beta	full
LC331083	HCoV_OC43/Yamagata.JPN/23.16_0980	2016-06-XX	Human	Japan	Betacoronavirus_1	oc43	beta	full
LC331090	HCoV_OC43/Yamagata.JPN/24.16_1002	2016-06-XX	Human	Japan	Betacoronavirus_1	oc43	beta	full
LC331084	HCoV_OC43/Yamagata.JPN/24.16_1005	2016-06-XX	Human	Japan	Betacoronavirus_1	oc43	beta	full
LC331085	HCoV_OC43/Yamagata.JPN/24.16_1006	2016-06-XX	Human	Japan	Betacoronavirus_1	oc43	beta	full
LC331086	HCoV_OC43/Yamagata.JPN/24.16_1008	2016-06-XX	Human	Japan	Betacoronavirus_1	oc43	beta	full
LC331087	HCoV_OC43/Yamagata.JPN/24.16_1027	2016-06-XX	Human	Japan	Betacoronavirus_1	oc43	beta	full
LC331091	HCoV_OC43/Yamagata.JPN/25.16_1044	2016-06-XX	Human	Japan	Betacoronavirus_1	oc43	beta	full
LC331092	HCoV_OC43/Yamagata.JPN/26.16_1046	2016-06-XX	Human	Japan	Betacoronavirus_1	oc43	beta	full
LC331088	HCoV_OC43/Yamagata.JPN/26.16_1049	2016-06-XX	Human	Japan	Betacoronavirus_1	oc43	beta	full
LC506945	HCoV_OC43/Yamagata.JPN/26.2017_1566	2017-06-XX	Human	Japan	Betacoronavirus_1	oc43	beta	full
LC331093	HCoV_OC43/Yamagata.JPN/27.16_1096	2016-07-XX	Human	Japan	Betacoronavirus_1	oc43	beta	full
LC506800	HCoV_OC43/Yamagata.JPN/27.2011_1525	2011-07-XX	Human	Japan	Betacoronavirus_1	oc43	beta	full
LC506772	HCoV_OC43/Yamagata.JPN/38.2010_2108	2010-09-XX	Human	Japan	Betacoronavirus_1	oc43	beta	full
LC506773	HCoV_OC43/Yamagata.JPN/39.2010_2197	2010-10-XX	Human	Japan	Betacoronavirus_1	oc43	beta	full
LC506774	HCoV_OC43/Yamagata.JPN/43.2010_2375	2010-10-XX	Human	Japan	Betacoronavirus_1	oc43	beta	full
LC506775	HCoV_OC43/Yamagata.JPN/43.2010_2382	2010-10-XX	Human	Japan	Betacoronavirus_1	oc43	beta	full
LC506776	HCoV_OC43/Yamagata.JPN/43.2010_2384	2010-10-XX	Human	Japan	Betacoronavirus_1	oc43	beta	full
LC506777	HCoV_OC43/Yamagata.JPN/43.2010_2385	2010-10-XX	Human	Japan	Betacoronavirus_1	oc43	beta	full
LC506778	HCoV_OC43/Yamagata.JPN/43.2010_2388	2010-10-XX	Human	Japan	Betacoronavirus_1	oc43	beta	full
LC506779	HCoV_OC43/Yamagata.JPN/43.2010_2412	2010-10-XX	Human	Japan	Betacoronavirus_1	oc43	beta	full
LC506780	HCoV_OC43/Yamagata.JPN/45.2010_2465	2010-11-XX	Human	Japan	Betacoronavirus_1	oc43	beta	full
LC506781	HCoV_OC43/Yamagata.JPN/46.2010_2506	2010-11-XX	Human	Japan	Betacoronavirus_1	oc43	beta	full
LC506782	HCoV_OC43/Yamagata.JPN/46.2010_2510	2010-11-XX	Human	Japan	Betacoronavirus_1	oc43	beta	full
LC506783	HCoV_OC43/Yamagata.JPN/46.2010_2512	2010-11-XX	Human	Japan	Betacoronavirus_1	oc43	beta	full
LC506784	HCoV_OC43/Yamagata.JPN/46.2010_2513	2010-11-XX	Human	Japan	Betacoronavirus_1	oc43	beta	full
LC506785	HCoV_OC43/Yamagata.JPN/46.2010_2538	2010-11-XX	Human	Japan	Betacoronavirus_1	oc43	beta	full
LC506810	HCoV_OC43/Yamagata.JPN/46.2012_2185	2012-11-XX	Human	Japan	Betacoronavirus_1	oc43	beta	full
LC506841	HCoV_OC43/Yamagata.JPN/46.2014_2103	2014-11-XX	Human	Japan	Betacoronavirus_1	oc43	beta	full
LC506786	HCoV_OC43/Yamagata.JPN/47.2010_2547	2010-11-XX	Human	Japan	Betacoronavirus_1	oc43	beta	full
LC506787	HCoV_OC43/Yamagata.JPN/48.2010_2590	2010-11-XX	Human	Japan	Betacoronavirus_1	oc43	beta	full
LC506788	HCoV_OC43/Yamagata.JPN/48.2010_2644	2010-12-XX	Human	Japan	Betacoronavirus_1	oc43	beta	full
LC506946	HCoV_OC43/Yamagata.JPN/48.2017_2515	2017-12-XX	Human	Japan	Betacoronavirus_1	oc43	beta	full
LC506811	HCoV_OC43/Yamagata.JPN/49.2012_2416	2012-12-XX	Human	Japan	Betacoronavirus_1	oc43	beta	full
LC506947	HCoV_OC43/Yamagata.JPN/50.2017_2568	2017-12-XX	Human	Japan	Betacoronavirus_1	oc43	beta	full
LC506812	HCoV_OC43/Yamagata.JPN/51.2012_2581	2012-12-XX	Human	Japan	Betacoronavirus_1	oc43	beta	full
LC506948	HCoV_OC43/Yamagata.JPN/51.2017_2650	2017-12-XX	Human	Japan	Betacoronavirus_1	oc43	beta	full
LC506949	HCoV_OC43/Yamagata.JPN/51.2017_2652	2017-12-XX	Human	Japan	Betacoronavirus_1	oc43	beta	full
LC506813	HCoV_OC43/Yamagata.JPN/52.2012_2586	2012-12-XX	Human	Japan	Betacoronavirus_1	oc43	beta	full
LC506814	HCoV_OC43/Yamagata.JPN/52.2012_2590	2012-12-XX	Human	Japan	Betacoronavirus_1	oc43	beta	full
LC506842	HCoV_OC43/Yamagata.JPN/52.2014_2417	2014-12-XX	Human	Japan	Betacoronavirus_1	oc43	beta	full
LC506843	HCoV_OC43/Yamagata.JPN/52.2014_2419	2014-12-XX	Human	Japan	Betacoronavirus_1	oc43	beta	full
LC506844	HCoV_OC43/Yamagata.JPN/53.2014_2422	2014-12-XX	Human	Japan	Betacoronavirus_1	oc43	beta	full
MN306036	HCoV_OC43/Seattle/USA/SC0682/2019	2019-XX-XX	Human	USA	Betacoronavirus_1	oc43	beta	full
MN310478	HCoV_OC43/Seattle/USA/SC0776/2019	2019-XX-XX	Human	USA	Betacoronavirus_1	oc43	beta	full
MN306041	HCoV_OC43/Seattle/USA/SC0810/2019	2019-XX-XX	Human	USA	Betacoronavirus_1	oc43	beta	full
MN306042	HCoV_OC43/Seattle/USA/SC0839/2019	2019-XX-XX	Human	USA	Betacoronavirus_1	oc43	beta	full
MN306043	HCoV_OC43/Seattle/USA/SC0841/2019	2019-XX-XX	Human	USA	Betacoronavirus_1	oc43	beta	full
KY684759	HCoV_OC43/Seattle/USA/SC2269/2016	2016-XX-XX	Human	USA	Betacoronavirus_1	oc43	beta	full
KY967361	HCoV_OC43/Seattle/USA/SC2345/2015	2015-XX-XX	Human	USA	Betacoronavirus_1	oc43	beta	full
KY967360	HCoV_OC43/Seattle/USA/SC2476/2015	2015-XX-XX	Human	USA	Betacoronavirus_1	oc43	beta	full
KY983583	HCoV_OC43/Seattle/USA/SC2481/2015	2015-XX-XX	Human	USA	Betacoronavirus_1	oc43	beta	full
KY967359	HCoV_OC43/Seattle/USA/SC2730/2015	2015-XX-XX	Human	USA	Betacoronavirus_1	oc43	beta	full
KY967358	HCoV_OC43/Seattle/USA/SC2770/2015	2015-XX-XX	Human	USA	Betacoronavirus_1	oc43	beta	full
KY983585	HCoV_OC43/Seattle/USA/SC2854/2015	2015-XX-XX	Human	USA	Betacoronavirus_1	oc43	beta	full
KY967356	HCoV_OC43/Seattle/USA/SC2924/2015	2015-XX-XX	Human	USA	Betacoronavirus_1	oc43	beta	full
KY983588	HCoV_OC43/Seattle/USA/SC3118/2015	2015-XX-XX	Human	USA	Betacoronavirus_1	oc43	beta	full
KY369906	HCoV_OC43/Seattle/USA/SC622/2016	2016-XX-XX	Human	USA	Betacoronavirus_1	oc43	beta	full
KY369905	HCoV_OC43/Seattle/USA/SC831/2016	2016-XX-XX	Human	USA	Betacoronavirus_1	oc43	beta	full
MN310476	HCoV_OC43/Seattle/USA/SC9428/2018	2019-XX-XX	Human	USA	Betacoronavirus_1	oc43	beta	full
MN306053	HCoV_OC43/Seattle/USA/SC9430/2018	2019-XX-XX	Human	USA	Betacoronavirus_1	oc43	beta	full
KY369907	HCoV_OC43/Seattle/USA/SC9741/2016	2016-XX-XX	Human	USA	Betacoronavirus_1	oc43	beta	full
JN129835	HK04_02	2004-11-XX	Human	China	Betacoronavirus_1	oc43	beta	full
KJ958218	LY341	2011-10-03	Human	China	Betacoronavirus_1	oc43	beta	full
KJ958219	LY342	2011-10-04	Human	China	Betacoronavirus_1	oc43	beta	full
KX538964	MY_U002/12	2012-02-22	Human	Malaysia	Betacoronavirus_1	oc43	beta	full
KX538975	MY_U1024/12	2012-08-24	Human	Malaysia	Betacoronavirus_1	oc43	beta	full
KX538976	MY_U1057/12	2012-08-27	Human	Malaysia	Betacoronavirus_1	oc43	beta	full
KX538977	MY_U1140/12	2012-09-10	Human	Malaysia	Betacoronavirus_1	oc43	beta	full
KX538978	MY_U1758/13	2013-01-02	Human	Malaysia	Betacoronavirus_1	oc43	beta	full
KX538979	MY_U1975/13	2013-02-15	Human	Malaysia	Betacoronavirus_1	oc43	beta	full
KX538965	MY_U208/12	2012-03-28	Human	Malaysia	Betacoronavirus_1	oc43	beta	full
KX538966	MY_U236/12	2012-04-02	Human	Malaysia	Betacoronavirus_1	oc43	beta	full
KX538967	MY_U413/12	2012-05-02	Human	Malaysia	Betacoronavirus_1	oc43	beta	full
KX538968	MY_U464/12	2012-05-09	Human	Malaysia	Betacoronavirus_1	oc43	beta	full
KX538969	MY_U523/12	2012-05-18	Human	Malaysia	Betacoronavirus_1	oc43	beta	full
KX538970	MY_U710/12	2012-06-20	Human	Malaysia	Betacoronavirus_1	oc43	beta	full
KX538971	MY_U732/12	2012-06-25	Human	Malaysia	Betacoronavirus_1	oc43	beta	full
KX538972	MY_U774/12	2012-07-04	Human	Malaysia	Betacoronavirus_1	oc43	beta	full
KX538973	MY_U868/12	2012-07-16	Human	Malaysia	Betacoronavirus_1	oc43	beta	full
KX538974	MY_U945/12	2012-08-01	Human	Malaysia	Betacoronavirus_1	oc43	beta	full
KY554972	N07_1541B_433X	2016-XX-XX	Human	USA	Betacoronavirus_1	oc43	beta	full
KY674917	N07_1609B	2016-XX-XX	Human	USA	Betacoronavirus_1	oc43	beta	full
KY674918	N07_1647B	2016-XX-XX	Human	USA	Betacoronavirus_1	oc43	beta	full
KY554973	N07_1689B_116X	2016-XX-XX	Human	USA	Betacoronavirus_1	oc43	beta	full
KY554974	N08_33B_360X	2016-XX-XX	Human	USA	Betacoronavirus_1	oc43	beta	full
KY554975	N09_382B	2016-XX-XX	Human	USA	Betacoronavirus_1	oc43	beta	full
KY674920	N09_595B	2016-XX-XX	Human	USA	Betacoronavirus_1	oc43	beta	full
KF572803	O75A_07	2007-06-XX	Human	China	Betacoronavirus_1	oc43	beta	full
KF524838	OC43	2010-XX-XX	Human	USA	Betacoronavirus_1	oc43	beta	full
KF524842	OC43	2010-XX-XX	Human	USA	Betacoronavirus_1	oc43	beta	full
KF524844	OC43	2010-XX-XX	Human	USA	Betacoronavirus_1	oc43	beta	full
KF524845	OC43	2010-XX-XX	Human	USA	Betacoronavirus_1	oc43	beta	full
KF524846	OC43	2010-XX-XX	Human	USA	Betacoronavirus_1	oc43	beta	full
KF524847	OC43	2010-XX-XX	Human	USA	Betacoronavirus_1	oc43	beta	full
KF524848	OC43	2010-XX-XX	Human	USA	Betacoronavirus_1	oc43	beta	full
KF524849	OC43	2010-XX-XX	Human	USA	Betacoronavirus_1	oc43	beta	full
KF524850	OC43	2010-XX-XX	Human	USA	Betacoronavirus_1	oc43	beta	full
KF524851	OC43	2010-XX-XX	Human	USA	Betacoronavirus_1	oc43	beta	full
KF524852	OC43	2010-XX-XX	Human	USA	Betacoronavirus_1	oc43	beta	full
KF524854	OC43	2010-XX-XX	Human	USA	Betacoronavirus_1	oc43	beta	full
KF524855	OC43	2010-XX-XX	Human	USA	Betacoronavirus_1	oc43	beta	full
KF524856	OC43	2010-XX-XX	Human	USA	Betacoronavirus_1	oc43	beta	full
KF524857	OC43	2010-XX-XX	Human	USA	Betacoronavirus_1	oc43	beta	full
KF524858	OC43	2010-XX-XX	Human	USA	Betacoronavirus_1	oc43	beta	full
KF524859	OC43	2010-XX-XX	Human	USA	Betacoronavirus_1	oc43	beta	full
KJ768622	OC43	2011-11-30	Human	USA	Betacoronavirus_1	oc43	beta	full
KJ768623	OC43	2012-01-04	Human	USA	Betacoronavirus_1	oc43	beta	full
KJ768624	OC43	2012-02-16	Human	USA	Betacoronavirus_1	oc43	beta	full
KJ768625	OC43	2012-01-04	Human	USA	Betacoronavirus_1	oc43	beta	full
KJ768626	OC43	2012-07-18	Human	USA	Betacoronavirus_1	oc43	beta	full
KJ768627	OC43	2012-02-19	Human	USA	Betacoronavirus_1	oc43	beta	full
KJ768628	OC43	2012-02-19	Human	USA	Betacoronavirus_1	oc43	beta	full
KJ768629	OC43	2012-02-21	Human	USA	Betacoronavirus_1	oc43	beta	full
KJ768630	OC43	2012-02-14	Human	USA	Betacoronavirus_1	oc43	beta	full
KJ768631	OC43	2012-01-01	Human	USA	Betacoronavirus_1	oc43	beta	full
KJ768632	OC43	2011-12-14	Human	USA	Betacoronavirus_1	oc43	beta	full
KJ796464	OC43	2012-03-19	Human	USA	Betacoronavirus_1	oc43	beta	full
KJ866099	OC43	2013-05-15	Human	USA	Betacoronavirus_1	oc43	beta	full
KJ866100	OC43	2012-02-08	Human	USA	Betacoronavirus_1	oc43	beta	full
KJ866101	OC43	2013-12-18	Human	USA	Betacoronavirus_1	oc43	beta	full
KJ866145	OC43	2013-05-15	Human	USA	Betacoronavirus_1	oc43	beta	full
KJ866146	OC43	2012-02-08	Human	USA	Betacoronavirus_1	oc43	beta	full
KJ866147	OC43	2013-12-18	Human	USA	Betacoronavirus_1	oc43	beta	full
KX344031	OC43/human/Mex/LRTI_238/2011	2011-02-09	Human	Mexico	Betacoronavirus_1	oc43	beta	full
KF530068	OC43/human/USA/007_11/2000	2000-07-27	Human	USA	Betacoronavirus_1	oc43	beta	full
KF530092	OC43/human/USA/008_5/2000	2000-08-08	Human	USA	Betacoronavirus_1	oc43	beta	full
KF530093	OC43/human/USA/832_27/1983	1983-02-24	Human	USA	Betacoronavirus_1	oc43	beta	full
KF530060	OC43/human/USA/851_15/1985	1985-01-08	Human	USA	Betacoronavirus_1	oc43	beta	full
KF530085	OC43/human/USA/871_25/1987	1987-01-22	Human	USA	Betacoronavirus_1	oc43	beta	full
KF530086	OC43/human/USA/872_5/1987	1987-02-10	Human	USA	Betacoronavirus_1	oc43	beta	full
KF530077	OC43/human/USA/873_16/1987	1987-03-12	Human	USA	Betacoronavirus_1	oc43	beta	full
KF530083	OC43/human/USA/873_19/1987	1987-03-17	Human	USA	Betacoronavirus_1	oc43	beta	full
KF530087	OC43/human/USA/873_6/1987	1987-03-05	Human	USA	Betacoronavirus_1	oc43	beta	full
KF530073	OC43/human/USA/8912_37/1989	1989-12-21	Human	USA	Betacoronavirus_1	oc43	beta	full
KF530066	OC43/human/USA/901_33/1990	1990-01-16	Human	USA	Betacoronavirus_1	oc43	beta	full
KF530065	OC43/human/USA/901_41/1990	1990-01-17	Human	USA	Betacoronavirus_1	oc43	beta	full
KF530061	OC43/human/USA/901_43/1990	1990-01-19	Human	USA	Betacoronavirus_1	oc43	beta	full
KF530088	OC43/human/USA/901_54/1990	1990-01-23	Human	USA	Betacoronavirus_1	oc43	beta	full
KF530076	OC43/human/USA/911_11/1991	1991-01-03	Human	USA	Betacoronavirus_1	oc43	beta	full
KF530096	OC43/human/USA/911_38/1991	1991-01-15	Human	USA	Betacoronavirus_1	oc43	beta	full
KF530091	OC43/human/USA/911_58/1991	1991-01-24	Human	USA	Betacoronavirus_1	oc43	beta	full
KF530089	OC43/human/USA/911_66/1991	1991-01-29	Human	USA	Betacoronavirus_1	oc43	beta	full
KF530067	OC43/human/USA/912_10/1991	1991-02-07	Human	USA	Betacoronavirus_1	oc43	beta	full
KF530082	OC43/human/USA/912_11/1991	1991-02-07	Human	USA	Betacoronavirus_1	oc43	beta	full
KF530094	OC43/human/USA/912_36/1991	1991-02-22	Human	USA	Betacoronavirus_1	oc43	beta	full
KF530095	OC43/human/USA/912_6/1991	1991-02-05	Human	USA	Betacoronavirus_1	oc43	beta	full
KF530079	OC43/human/USA/913_29/1991	1991-03-14	Human	USA	Betacoronavirus_1	oc43	beta	full
KF530097	OC43/human/USA/9211_43/1992	1992-11-30	Human	USA	Betacoronavirus_1	oc43	beta	full
KF530074	OC43/human/USA/9212_33/1992	1992-12-16	Human	USA	Betacoronavirus_1	oc43	beta	full
KF530071	OC43/human/USA/925_1/1992	1992-05-04	Human	USA	Betacoronavirus_1	oc43	beta	full
KF530090	OC43/human/USA/931_85/1993	1993-01-26	Human	USA	Betacoronavirus_1	oc43	beta	full
KF530059	OC43/human/USA/951_15/1995	1995-01-11	Human	USA	Betacoronavirus_1	oc43	beta	full
KF530084	OC43/human/USA/951_18/1995	1995-01-12	Human	USA	Betacoronavirus_1	oc43	beta	full
KF530062	OC43/human/USA/952_23/1995	1995-02-13	Human	USA	Betacoronavirus_1	oc43	beta	full
KF530075	OC43/human/USA/953_23/1995	1995-03-09	Human	USA	Betacoronavirus_1	oc43	beta	full
KF530078	OC43/human/USA/9612_29/1996	1996-12-17	Human	USA	Betacoronavirus_1	oc43	beta	full
KF530063	OC43/human/USA/9612_48/1996	1996-12-30	Human	USA	Betacoronavirus_1	oc43	beta	full
KF530064	OC43/human/USA/9612_9/1996	1996-12-04	Human	USA	Betacoronavirus_1	oc43	beta	full
KF530098	OC43/human/USA/965_6/1996	1996-05-10	Human	USA	Betacoronavirus_1	oc43	beta	full
KF530099	OC43/human/USA/971_5/1997	1997-01-02	Human	USA	Betacoronavirus_1	oc43	beta	full
KF530072	OC43/human/USA/9712_13/1997	1997-12-11	Human	USA	Betacoronavirus_1	oc43	beta	full
KF530080	OC43/human/USA/9712_31/1997	1997-12-18	Human	USA	Betacoronavirus_1	oc43	beta	full
KF530069	OC43/human/USA/982_4/1998	1998-02-05	Human	USA	Betacoronavirus_1	oc43	beta	full
KF530070	OC43/human/USA/991_19/1999	1999-01-15	Human	USA	Betacoronavirus_1	oc43	beta	full
KF530081	OC43/human/USA/991_5/1999	1999-01-07	Human	USA	Betacoronavirus_1	oc43	beta	full
MN026164	OC43_KLF_01_2018	2018-01-18	Human	Kenya	Betacoronavirus_1	oc43	beta	full
MN026165	OC43_KLF_02_2017	2017-11-27	Human	Kenya	Betacoronavirus_1	oc43	beta	full
KF668028	sloOC43_1	2011-02-10	Human	Slovenia	Betacoronavirus_1	oc43	beta	full
KF668030	sloOC43_2	2011-02-20	Human	Slovenia	Betacoronavirus_1	oc43	beta	full
KF668031	sloOC43_3	2011-02-22	Human	Slovenia	Betacoronavirus_1	oc43	beta	full
KU745548	SZ14014d3/2014	2014-XX-XX	Human	China	Betacoronavirus_1	oc43	beta	full
KU745580	SZ14014d3/2014	2014-XX-XX	Human	China	Betacoronavirus_1	oc43	beta	full
KU745564	SZ14034d5/2014	2014-XX-XX	Human	China	Betacoronavirus_1	oc43	beta	full
MG977451	TNP_12636	2016-12-10	Human	Cote_dIvoire	Betacoronavirus_1	oc43	beta	full
MG977452	TNP_12643	2016-12-10	Human	Cote_dIvoire	Betacoronavirus_1	oc43	beta	full
FJ415324	4408	1988-XX-XX	Human	Germany	Betacoronavirus_1	oc43	beta	full
JN129834	HK04_01	2004-11-XX	Human	China	Betacoronavirus_1	oc43	beta	full
FJ938067	4408	2009-04-17	Human	NA	Human_enteric_coronavirus_strain_4408	oc43	beta	full
JN251794	hCoV/OC43/VFC297/BRA/2007	2007-XX-XX	Human	Brazil	unidentified_human_coronavirus	oc43	beta	full
JN251795	hCoV/OC43/VFC332/BRA/2007	2007-XX-XX	Human	Brazil	unidentified_human_coronavirus	oc43	beta	full
JN251796	hCoV/OC43/VFC348/BRA/2007	2007-XX-XX	Human	Brazil	unidentified_human_coronavirus	oc43	beta	full
JN251797	hCoV/OC43/VFC359/BRA/2007	2007-XX-XX	Human	Brazil	unidentified_human_coronavirus	oc43	beta	full
JN251800	hCoV/OC43/VFC373/BRA/2007	2007-XX-XX	Human	Brazil	unidentified_human_coronavirus	oc43	beta	full
JN251787	hCoV/OC43/VFC41/BRA/2006	2006-XX-XX	Human	Brazil	unidentified_human_coronavirus	oc43	beta	full
MF996605	OC43	2015-XX-XX	Human	China	unidentified_human_coronavirus	oc43	beta	full
MF996606	OC43	2015-XX-XX	Human	China	unidentified_human_coronavirus	oc43	beta	full
MF996607	OC43	2015-XX-XX	Human	China	unidentified_human_coronavirus	oc43	beta	full
MF996608	OC43	2015-XX-XX	Human	China	unidentified_human_coronavirus	oc43	beta	full
MF996609	OC43	2015-XX-XX	Human	China	unidentified_human_coronavirus	oc43	beta	full
MF996610	OC43	2015-XX-XX	Human	China	unidentified_human_coronavirus	oc43	beta	full
MF996611	OC43	2015-XX-XX	Human	China	unidentified_human_coronavirus	oc43	beta	full
MF996612	OC43	2015-XX-XX	Human	China	unidentified_human_coronavirus	oc43	beta	full
MF996613	OC43	2015-XX-XX	Human	China	unidentified_human_coronavirus	oc43	beta	full
MF996614	OC43	2015-XX-XX	Human	China	unidentified_human_coronavirus	oc43	beta	full
MF996615	OC43	2015-XX-XX	Human	China	unidentified_human_coronavirus	oc43	beta	full
MF996616	OC43	2015-XX-XX	Human	China	unidentified_human_coronavirus	oc43	beta	full
MF996617	OC43	2015-XX-XX	Human	China	unidentified_human_coronavirus	oc43	beta	full
MF996618	OC43	2015-XX-XX	Human	China	unidentified_human_coronavirus	oc43	beta	full
MF996619	OC43	2014-XX-XX	Human	China	unidentified_human_coronavirus	oc43	beta	full
MF996620	OC43	2014-XX-XX	Human	China	unidentified_human_coronavirus	oc43	beta	full
MF996640	OC43	2014-XX-XX	Human	China	unidentified_human_coronavirus	oc43	beta	full
MF996641	OC43	2015-XX-XX	Human	China	unidentified_human_coronavirus	oc43	beta	full
MF996642	OC43	2015-XX-XX	Human	China	unidentified_human_coronavirus	oc43	beta	full
MF996643	OC43	2015-XX-XX	Human	China	unidentified_human_coronavirus	oc43	beta	full
MF996644	OC43	2015-XX-XX	Human	China	unidentified_human_coronavirus	oc43	beta	full
MF996645	OC43	2015-XX-XX	Human	China	unidentified_human_coronavirus	oc43	beta	full
MF996646	OC43	2015-XX-XX	Human	China	unidentified_human_coronavirus	oc43	beta	full
MF996647	OC43	2015-XX-XX	Human	China	unidentified_human_coronavirus	oc43	beta	full
MF996648	OC43	2015-XX-XX	Human	China	unidentified_human_coronavirus	oc43	beta	full
MF996649	OC43	2015-XX-XX	Human	China	unidentified_human_coronavirus	oc43	beta	full
MF996650	OC43	2015-XX-XX	Human	China	unidentified_human_coronavirus	oc43	beta	full
MF996651	OC43	2015-XX-XX	Human	China	unidentified_human_coronavirus	oc43	beta	full
MF996652	OC43	2015-XX-XX	Human	China	unidentified_human_coronavirus	oc43	beta	full
MF996653	OC43	2015-XX-XX	Human	China	unidentified_human_coronavirus	oc43	beta	full
MF996654	OC43	2015-XX-XX	Human	China	unidentified_human_coronavirus	oc43	beta	full
MF996655	OC43	2015-XX-XX	Human	China	unidentified_human_coronavirus	oc43	beta	full
MF996656	OC43	2015-XX-XX	Human	China	unidentified_human_coronavirus	oc43	beta	full
MF996657	OC43	2015-XX-XX	Human	China	unidentified_human_coronavirus	oc43	beta	full
MF996658	OC43	2015-XX-XX	Human	China	unidentified_human_coronavirus	oc43	beta	full
MF996659	OC43	2014-XX-XX	Human	China	unidentified_human_coronavirus	oc43	beta	full
KX059662	OC43/SLO/14041/2010	2010-02-21	Human	Slovenia	unidentified_human_coronavirus	oc43	beta	full
KX059634	OC43/SLO/39776/2013	2013-12-09	Human	Slovenia	unidentified_human_coronavirus	oc43	beta	full
KX059635	OC43/SLO/39849/2013	2013-12-13	Human	Slovenia	unidentified_human_coronavirus	oc43	beta	full
KX059636	OC43/SLO/40296/2014	2014-02-03	Human	Slovenia	unidentified_human_coronavirus	oc43	beta	full
KX059637	OC43/SLO/40760/2014	2014-01-18	Human	Slovenia	unidentified_human_coronavirus	oc43	beta	full
KX059654	OC43/SLO/41165/2014	2014-01-27	Human	Slovenia	unidentified_human_coronavirus	oc43	beta	full
KX059655	OC43/SLO/41313/2014	2014-01-29	Human	Slovenia	unidentified_human_coronavirus	oc43	beta	full
KX059656	OC43/SLO/41459/2014	2014-02-03	Human	Slovenia	unidentified_human_coronavirus	oc43	beta	full
KX059657	OC43/SLO/42347/2014	2014-02-19	Human	Slovenia	unidentified_human_coronavirus	oc43	beta	full
KX059658	OC43/SLO/43431/2014	2014-03-12	Human	Slovenia	unidentified_human_coronavirus	oc43	beta	full
KX059638	OC43/SLO/43970/2014	2014-03-27	Human	Slovenia	unidentified_human_coronavirus	oc43	beta	full
KX059639	OC43/SLO/43979/2014	2014-03-26	Human	Slovenia	unidentified_human_coronavirus	oc43	beta	full
KX059640	OC43/SLO/44364/2014	2014-04-08	Human	Slovenia	unidentified_human_coronavirus	oc43	beta	full
KX059659	OC43/SLO/44656/2014	2014-04-22	Human	Slovenia	unidentified_human_coronavirus	oc43	beta	full
KX059660	OC43/SLO/45151/2014	2014-05-17	Human	Slovenia	unidentified_human_coronavirus	oc43	beta	full
KX059661	OC43/SLO/45283/2014	2014-05-23	Human	Slovenia	unidentified_human_coronavirus	oc43	beta	full
KX059641	OC43/SLO/46580/2014	2014-08-14	Human	Slovenia	unidentified_human_coronavirus	oc43	beta	full
KX059642	OC43/SLO/59988/2015	2015-11-16	Human	Slovenia	unidentified_human_coronavirus	oc43	beta	full
KX059643	OC43/SLO/60116/2015	2015-11-19	Human	Slovenia	unidentified_human_coronavirus	oc43	beta	full
KX059644	OC43/SLO/60430/2015	2015-12-02	Human	Slovenia	unidentified_human_coronavirus	oc43	beta	full
KX059632	OC43/SLO/60954/2015	2015-12-24	Human	Slovenia	unidentified_human_coronavirus	oc43	beta	full
KX059645	OC43/SLO/61010/2015	2015-12-28	Human	Slovenia	unidentified_human_coronavirus	oc43	beta	full
KX059646	OC43/SLO/61412/2016	2016-01-07	Human	Slovenia	unidentified_human_coronavirus	oc43	beta	full
KX059652	OC43/SLO/61445/2016	2016-01-08	Human	Slovenia	unidentified_human_coronavirus	oc43	beta	full
KX059647	OC43/SLO/61480/2016	2016-01-08	Human	Slovenia	unidentified_human_coronavirus	oc43	beta	full
KX059648	OC43/SLO/61531/2016	2016-01-11	Human	Slovenia	unidentified_human_coronavirus	oc43	beta	full
KX059649	OC43/SLO/62066/2016	2016-01-20	Human	Slovenia	unidentified_human_coronavirus	oc43	beta	full
KX059653	OC43/SLO/62519/2016	2016-01-31	Human	Slovenia	unidentified_human_coronavirus	oc43	beta	full
KX059633	OC43/SLO/62706/2016	2016-02-04	Human	Slovenia	unidentified_human_coronavirus	oc43	beta	full
KX059650	OC43/SLO/62794/2016	2016-02-05	Human	Slovenia	unidentified_human_coronavirus	oc43	beta	full
KX059651	OC43/SLO/63863/2016	2016-02-20	Human	Slovenia	unidentified_human_coronavirus	oc43	beta	full
